ticker,company_name,k,firm_alpha,firm_beta,firm_gamma,top_task_ids,top_task_sims,top_tasks_preview
ADBE,ADOBE INC.,20,0.4,0.675,0.95,"[9690.0, 16175.0, 8119.0, 13239.0, 19500.0, 11384.0, 15715.0, 1035.0, 4620.0, 955.0, 4028.0, 1296.0, 5109.0, 16174.0, 7493.0, 21475.0, 21653.0, 717.0, 1709.0, 16178.0]","[0.5455, 0.502, 0.4984, 0.4893, 0.4878, 0.4833, 0.4812, 0.4803, 0.4801, 0.4762, 0.4686, 0.4552, 0.4528, 0.452, 0.4491, 0.4451, 0.4421, 0.4417, 0.4396, 0.439]","Create sales or service contracts for products or services. | Identify, evaluate, or procure hardware or software for impl | Provide customers with product samples and catalogs."
ADP,AUTOMATIC DATA PROCESSING INC,20,0.25,0.575,0.9,"[21867.0, 21622.0, 15639.0, 3352.0, 21877.0, 18032.0, 16052.0, 15666.0, 15661.0, 15961.0, 21452.0, 21092.0, 3774.0, 21353.0, 14855.0, 21616.0, 15653.0, 21606.0, 19692.0, 10830.0]","[0.5508, 0.5505, 0.5414, 0.5333, 0.5062, 0.5015, 0.5012, 0.4961, 0.495, 0.4943, 0.4916, 0.4908, 0.4836, 0.4786, 0.4751, 0.4742, 0.4718, 0.4697, 0.4693, 0.4685]",Evaluate potential health hazards or damage that could occur | Identify key risks and mitigating factors of potential inves | Consult with corporate attorneys as necessary to address dif
ADSK,"Autodesk, Inc.",20,0.3,0.6,0.9,"[2575.0, 14650.0, 2574.0, 714.0, 23258.0, 2225.0, 6999.0, 3500.0, 15942.0, 20901.0, 2325.0, 678.0, 15987.0, 2528.0, 2521.0, 2144.0, 21439.0, 4744.0, 3414.0, 7083.0]","[0.4877, 0.4615, 0.4266, 0.4182, 0.4069, 0.4048, 0.4043, 0.3996, 0.3996, 0.3979, 0.3976, 0.3886, 0.3864, 0.3863, 0.3837, 0.3807, 0.3769, 0.3749, 0.373, 0.371]","Quote unit exchange rates, following daily international rat | Update automated test scripts to ensure currency. | Inform customers about foreign currency regulations and comp"
AEYE,AUDIOEYE INC,20,0.3,0.5,0.7,"[21743.0, 3998.0, 19035.0, 1884.0, 21703.0, 21684.0, 17444.0, 3701.0, 17344.0, 16193.0, 3226.0, 1215.0, 2139.0, 14755.0, 13254.0, 16175.0, 18651.0, 19081.0, 16230.0, 22355.0]","[0.4993, 0.4838, 0.4743, 0.469, 0.461, 0.4605, 0.4584, 0.4422, 0.4263, 0.4088, 0.3969, 0.3951, 0.3932, 0.3876, 0.3862, 0.3853, 0.3843, 0.379, 0.3772, 0.3749]","Recommend procedures, equipment, or software upgrades to inc | Inform users of audio and videotaping service policies and p | Provide feedback to health service providers regarding impro"
AGYS,AGILYSYS INC,20,0.2,0.3,0.4,"[20261.0, 2806.0, 3691.0, 20265.0, 2320.0, 3243.0, 18746.0, 23120.0, 5063.0, 11850.0, 20433.0, 18767.0, 2296.0, 9487.0, 15811.0, 1107.0, 9690.0, 2215.0, 2610.0, 18599.0]","[0.4402, 0.3854, 0.3836, 0.3667, 0.3635, 0.3607, 0.3572, 0.354, 0.3506, 0.3498, 0.3488, 0.3485, 0.3468, 0.3446, 0.3395, 0.3392, 0.3366, 0.3363, 0.3358, 0.3358]","Provide business services for guests, such as sending or rec | Provide services to customers, such as order placement or ac | Assist with operations of general facilities, such as visito"
AI,"C3.ai, Inc.",20,0.2,0.6,1.0,"[21822.0, 16516.0, 21807.0, 16144.0, 19637.0, 16131.0, 1296.0, 16786.0, 16176.0, 16139.0, 21991.0, 11955.0, 21802.0, 14682.0, 14692.0, 16476.0, 3466.0, 16113.0, 16120.0, 16582.0]","[0.4532, 0.4231, 0.4227, 0.4164, 0.4143, 0.4103, 0.4011, 0.4007, 0.3977, 0.3967, 0.3959, 0.3929, 0.3928, 0.3922, 0.3862, 0.3836, 0.3819, 0.3756, 0.375, 0.374]",Update client and server applications responsible for integr | Create back-ups of robot programs or parameters. | Automate the deployment of software updates over geographica
ALKT,"ALKAMI TECHNOLOGY, INC.",20,0.4,0.7,1.0,"[3510.0, 3421.0, 21583.0, 20187.0, 16183.0, 9690.0, 23200.0, 15994.0, 20185.0, 3511.0, 12918.0, 21818.0, 21822.0, 11248.0, 3523.0, 9697.0, 15986.0, 15723.0, 9698.0, 13255.0]","[0.4676, 0.4534, 0.4396, 0.439, 0.4336, 0.4253, 0.4197, 0.4179, 0.4155, 0.4091, 0.409, 0.4089, 0.408, 0.4058, 0.4048, 0.4048, 0.4044, 0.4001, 0.3987, 0.3956]","Manage credit and help price corporate security offerings. | Market bank products to individuals and firms, promoting ban | Collaborate with investment bankers to attract new corporate"
APPF,APPFOLIO INC,20,0.4,0.675,0.95,"[21822.0, 2450.0, 4610.0, 1642.0, 3510.0, 690.0, 9690.0, 7241.0, 4604.0, 15952.0, 23201.0, 7234.0, 20184.0, 689.0, 8847.0, 9697.0, 16109.0, 9678.0, 16139.0, 7083.0]","[0.4322, 0.4151, 0.4103, 0.41, 0.4044, 0.3969, 0.3957, 0.3928, 0.3884, 0.385, 0.3839, 0.3824, 0.3815, 0.3806, 0.3786, 0.3767, 0.3763, 0.3754, 0.3746, 0.3715]","Update client and server applications responsible for integr | Display commercial, industrial, agricultural, and residentia | Manage or operate real estate offices, handling associated b"
APPN,APPIAN CORP,20,0.25,0.625,1.0,"[16131.0, 14692.0, 1273.0, 18988.0, 15985.0, 15952.0, 3475.0, 22031.0, 1296.0, 21353.0, 15870.0, 16144.0, 12963.0, 15961.0, 1270.0, 15948.0, 16125.0, 16140.0, 16143.0, 1289.0]","[0.5325, 0.5314, 0.5009, 0.4952, 0.487, 0.4866, 0.4827, 0.4728, 0.4719, 0.4692, 0.466, 0.4641, 0.4641, 0.4615, 0.4612, 0.4586, 0.4575, 0.4574, 0.4572, 0.4564]","Create or implement metadata processes and frameworks. | Develop application-specific software. | Write, analyze, review, and rewrite programs, using workflow"
ASAN,"Asana, Inc.",20,0.2,0.475,0.75,"[9680.0, 3503.0, 9271.0, 16212.0, 8562.0, 976.0, 16396.0, 173.0, 14742.0, 7381.0, 11137.0, 8588.0, 990.0, 826.0, 21523.0, 11256.0, 18586.0, 18963.0, 18267.0, 14697.0]","[0.4839, 0.4827, 0.4827, 0.479, 0.4637, 0.4635, 0.4614, 0.4583, 0.4565, 0.4506, 0.444, 0.4437, 0.4426, 0.4402, 0.438, 0.437, 0.4366, 0.4354, 0.4349, 0.4333]","Collaborate with sales teams to understand customer requirem | Collaborate with programmers, underwriters, accounts, claims | Collaborate with others to obtain products or other display "
AVPT,"AvePoint, Inc.",20,0.1,0.525,0.95,"[14674.0, 14748.0, 15723.0, 1319.0, 21511.0, 17617.0, 21499.0, 16109.0, 7404.0, 4001.0, 3523.0, 22902.0, 21753.0, 18993.0, 18133.0, 20281.0, 16180.0, 966.0, 21262.0, 21495.0]","[0.4715, 0.4297, 0.427, 0.4184, 0.4113, 0.4073, 0.4071, 0.406, 0.4001, 0.398, 0.3955, 0.3937, 0.3936, 0.3928, 0.3914, 0.3893, 0.3888, 0.3872, 0.3852, 0.384]","Provide customers or installation teams guidelines for imple | Identify, standardize, and communicate levels of access and  | Implement security practices to preserve assets, minimize li"
AWRE,AWARE INC /MA/,20,0.05,0.3,0.55,"[4542.0, 23268.0, 18710.0, 22902.0, 22949.0, 18479.0, 22896.0, 14674.0, 21748.0, 19315.0, 8147.0, 23239.0, 16050.0, 16784.0, 21485.0, 23254.0, 15790.0, 1704.0, 22951.0, 17555.0]","[0.4402, 0.4144, 0.4032, 0.3834, 0.3802, 0.3789, 0.3733, 0.3697, 0.3643, 0.3638, 0.357, 0.3551, 0.3532, 0.3517, 0.3498, 0.3484, 0.3482, 0.3482, 0.3482, 0.3473]","Greet and register visitors, and issue any required identifi | Verify the authenticity of documents, such as foreign identi | Identify, compare, classify, and file fingerprints, using sy"
BAND,Bandwidth Inc.,20,0.35,0.55,0.75,"[16081.0, 21239.0, 16082.0, 15889.0, 19010.0, 18972.0, 11248.0, 15208.0, 11850.0, 9692.0, 16175.0, 3998.0, 20741.0, 14671.0, 20366.0, 11384.0, 11679.0, 18988.0, 16138.0, 22641.0]","[0.5126, 0.4778, 0.4482, 0.44, 0.4322, 0.4262, 0.4249, 0.4239, 0.4206, 0.4203, 0.4166, 0.416, 0.4151, 0.4145, 0.4117, 0.4112, 0.408, 0.4062, 0.4061, 0.4041]",Communicate with telecommunications vendors to obtain pricin | Manage communications budgets. | Assess existing facilities' needs for new or modified teleco
BB,BLACKBERRY Ltd,20,0.25,0.5,0.75,"[8840.0, 3510.0, 15967.0, 23215.0, 21302.0, 21510.0, 21581.0, 8847.0, 8147.0, 15966.0, 18036.0, 3504.0, 21764.0, 8153.0, 4410.0, 2774.0, 9727.0, 8860.0, 19531.0, 711.0]","[0.431, 0.4224, 0.4103, 0.4089, 0.4022, 0.3933, 0.389, 0.3862, 0.3858, 0.3809, 0.3807, 0.3751, 0.3583, 0.3553, 0.3541, 0.3525, 0.352, 0.3483, 0.3482, 0.3475]","Serve as liaisons between organizations, shareholders, and o | Manage credit and help price corporate security offerings. | Analyze corporate intelligence data to identify trends, patt"
BILL,"BILL Holdings, Inc.",20,0.15,0.4,0.65,"[18780.0, 2489.0, 23104.0, 23242.0, 16144.0, 4728.0, 2487.0, 2613.0, 9698.0, 7083.0, 23258.0, 23240.0, 13789.0, 20286.0, 15710.0, 18936.0, 678.0, 21519.0, 2553.0, 3503.0]","[0.6017, 0.5621, 0.5581, 0.5473, 0.5351, 0.526, 0.5253, 0.524, 0.5239, 0.5161, 0.5131, 0.511, 0.5087, 0.499, 0.4974, 0.493, 0.4838, 0.4833, 0.4814, 0.4772]","Prepare and distribute invoices to bill clients or pay accou | Debit, credit, and total accounts on computer spreadsheets a | Request and record customer orders, and compute bills, using"
BKYI,BIO KEY INTERNATIONAL INC,20,0.3,0.4,0.5,"[16489.0, 4542.0, 21841.0, 19315.0, 14748.0, 18036.0, 12728.0, 7125.0, 15661.0, 4733.0, 14353.0, 11286.0, 9476.0, 20190.0, 16180.0, 22949.0, 9417.0, 18790.0, 21485.0, 18055.0]","[0.408, 0.4029, 0.393, 0.3858, 0.3746, 0.3671, 0.3632, 0.3587, 0.3542, 0.3505, 0.3497, 0.3461, 0.3449, 0.3395, 0.3394, 0.338, 0.3352, 0.334, 0.3328, 0.3297]","Develop or file intellectual property and patent disclosure  | Greet and register visitors, and issue any required identifi | Communicate with bioregulatory authorities regarding licensi"
BL,"BLACKLINE, INC.",20,0.25,0.55,0.85,"[21508.0, 9698.0, 21323.0, 23214.0, 2487.0, 21532.0, 21521.0, 20631.0, 5236.0, 8152.0, 17610.0, 2489.0, 12874.0, 21514.0, 2414.0, 2528.0, 21506.0, 8864.0, 11392.0, 18566.0]","[0.5912, 0.58, 0.5706, 0.5684, 0.5617, 0.5549, 0.5497, 0.5453, 0.5437, 0.5377, 0.5263, 0.525, 0.523, 0.5145, 0.5141, 0.5122, 0.512, 0.5102, 0.5057, 0.5048]","Inspect account books and accounting systems for efficiency, | Document account activities, generate reports, and keep reco | Evaluate financial reporting systems, accounting or collecti"
BLIN,"Bridgeline Digital, Inc.",20,0.35,0.575,0.8,"[16183.0, 15721.0, 15716.0, 15727.0, 14742.0, 1035.0, 15731.0, 15728.0, 2676.0, 9688.0, 2586.0, 5063.0, 1328.0, 9687.0, 20329.0, 21325.0, 15810.0, 11850.0, 16175.0, 23234.0]","[0.3723, 0.3709, 0.3662, 0.3578, 0.3556, 0.355, 0.3508, 0.3434, 0.3428, 0.3423, 0.3408, 0.3397, 0.3383, 0.3382, 0.3358, 0.3353, 0.3348, 0.3322, 0.3317, 0.3317]","Identify and develop commercial or technical specifications, | Investigate products or markets to determine areas for oppor | Select and purchase technical web services, such as web host"
BLKB,BLACKBAUD INC,20,0.3,0.55,0.8,"[3510.0, 9690.0, 22419.0, 3503.0, 13255.0, 18922.0, 15994.0, 13248.0, 15961.0, 20234.0, 21247.0, 15953.0, 21262.0, 15966.0, 12918.0, 20740.0, 16531.0, 1035.0, 8758.0, 22608.0]","[0.4791, 0.442, 0.4276, 0.4242, 0.4127, 0.4121, 0.4103, 0.4096, 0.4035, 0.4021, 0.4007, 0.3995, 0.3992, 0.396, 0.3955, 0.3942, 0.394, 0.3925, 0.3919, 0.3911]","Manage credit and help price corporate security offerings. | Create sales or service contracts for products or services. | Plan and deliver client-centered programs and services, such"
BLZE,"Backblaze, Inc.",20,0.2,0.6,1.0,"[7630.0, 3523.0, 17617.0, 12952.0, 1287.0, 15723.0, 20900.0, 9795.0, 11241.0, 8119.0, 1312.0, 21101.0, 15228.0, 3728.0, 4620.0, 8070.0, 22272.0, 3990.0, 23233.0, 16109.0]","[0.4907, 0.4663, 0.4533, 0.4397, 0.4359, 0.4318, 0.431, 0.4248, 0.4232, 0.4175, 0.4163, 0.4129, 0.4106, 0.4056, 0.4051, 0.4047, 0.4026, 0.4024, 0.4021, 0.4016]","Create and maintain accessible, retrievable computer archive | Build and update digital databases. | Maintain client databases."
BOX,BOX INC,20,0.15,0.55,0.95,"[5319.0, 20630.0, 1301.0, 16223.0, 9795.0, 16234.0, 18993.0, 16239.0, 16237.0, 7630.0, 794.0, 16228.0, 15228.0, 5314.0, 22272.0, 15723.0, 1287.0, 3967.0, 11276.0, 9698.0]","[0.5153, 0.5043, 0.4952, 0.49, 0.485, 0.4834, 0.4803, 0.4791, 0.4789, 0.4788, 0.4725, 0.4708, 0.469, 0.4657, 0.4596, 0.4596, 0.4585, 0.448, 0.4429, 0.4394]","Monitor use of data files and regulate access to safeguard i | Find, retrieve, and make copies of information from files in | Plan, coordinate, and implement security measures to safegua"
BRZE,"Braze, Inc.",20,0.35,0.6,0.85,"[16175.0, 9688.0, 21220.0, 8119.0, 16179.0, 5433.0, 23162.0, 21075.0, 2.0, 18957.0, 20322.0, 11237.0, 3229.0, 21218.0, 13198.0, 8113.0, 16155.0, 3155.0, 7574.0, 11384.0]","[0.5095, 0.453, 0.4496, 0.4485, 0.4458, 0.4453, 0.4416, 0.4349, 0.4331, 0.4259, 0.4259, 0.4201, 0.4193, 0.4154, 0.4154, 0.4154, 0.4141, 0.4133, 0.4124, 0.412]","Identify, evaluate, or procure hardware or software for impl | Research and identify potential customers for products or se | Conduct research on consumer opinions and buying habits, and"
BSY,BENTLEY SYSTEMS INC,20,0.2,0.525,0.85,"[14736.0, 21475.0, 15948.0, 19777.0, 1709.0, 16113.0, 9009.0, 8945.0, 17734.0, 1390.0, 1318.0, 3537.0, 18962.0, 21519.0, 14682.0, 21726.0, 21932.0, 22030.0, 10034.0, 11261.0]","[0.4416, 0.4401, 0.4325, 0.4316, 0.4309, 0.43, 0.4298, 0.426, 0.4213, 0.4202, 0.4199, 0.4176, 0.4171, 0.4169, 0.4123, 0.4119, 0.4116, 0.4101, 0.4061, 0.4052]","Administer internet or intranet infrastructure, including We | Produce and distribute project documents. | Maintain and update organization information technology appl"
CACI,CACI INTERNATIONAL INC /DE/,20,0.35,0.525,0.7,"[18036.0, 8840.0, 1350.0, 14736.0, 19531.0, 15966.0, 18183.0, 21262.0, 23368.0, 2813.0, 8147.0, 21093.0, 9687.0, 22301.0, 16.0, 8847.0, 5318.0, 18204.0, 21381.0, 7211.0]","[0.424, 0.4194, 0.4069, 0.4065, 0.4053, 0.4007, 0.3973, 0.3908, 0.3869, 0.3851, 0.3846, 0.3816, 0.3802, 0.3784, 0.3777, 0.3771, 0.3768, 0.3742, 0.3742, 0.3704]","Represent organizations before domestic or international reg | Serve as liaisons between organizations, shareholders, and o | Direct or coordinate manufacturing, construction, installati"
CCLD,"CareCloud, Inc.",20,0.1,0.35,0.6,"[514.0, 18088.0, 5597.0, 16267.0, 1823.0, 18093.0, 22898.0, 4250.0, 1958.0, 18349.0, 1955.0, 9417.0, 7830.0, 19043.0, 17179.0, 9420.0, 1813.0, 18522.0, 1943.0, 23242.0]","[0.4817, 0.4746, 0.4696, 0.4664, 0.4642, 0.4575, 0.4552, 0.452, 0.4471, 0.4435, 0.4398, 0.4369, 0.4366, 0.4344, 0.4324, 0.4321, 0.4312, 0.4305, 0.4265, 0.4224]","Work as part of a healthcare team to assess patient needs, p | Design, develop, select, test, implement, and evaluate new o | Act as liaisons between clients and medical staff."
CDLX,"Cardlytics, Inc.",20,0.35,0.6,0.85,"[16183.0, 658.0, 23234.0, 8119.0, 79.0, 16175.0, 8122.0, 11249.0, 3156.0, 2.0, 3229.0, 13198.0, 4629.0, 11384.0, 16136.0, 21075.0, 8794.0, 17663.0, 9688.0, 13196.0]","[0.5825, 0.5624, 0.5616, 0.5591, 0.5591, 0.5546, 0.5495, 0.5479, 0.5456, 0.5452, 0.5442, 0.5439, 0.543, 0.5392, 0.5368, 0.5365, 0.5362, 0.5335, 0.532, 0.5302]","Identify and develop commercial or technical specifications, | Monitor sales activities to ensure that customers receive sa | Monitor market conditions, innovations, and competitors' ser"
CDNS,CADENCE DESIGN SYSTEMS INC,20,0.3,0.625,0.95,"[8940.0, 8834.0, 4027.0, 2637.0, 374.0, 1070.0, 16250.0, 21673.0, 12760.0, 189.0, 21496.0, 21629.0, 20183.0, 16423.0, 15959.0, 15416.0, 16903.0, 11378.0, 375.0, 5504.0]","[0.4763, 0.4715, 0.4697, 0.466, 0.4602, 0.4571, 0.4525, 0.4494, 0.4453, 0.4435, 0.4391, 0.4389, 0.4384, 0.4355, 0.4348, 0.4315, 0.4297, 0.4294, 0.4267, 0.4255]","Report project plans, progress, and results. | Prepare or present reports concerning activities, expenses,  | Prepare reports outlining past and future programs, includin"
CEVA,CEVA INC,20,0.35,0.525,0.7,"[18275.0, 16484.0, 19623.0, 19011.0, 18972.0, 18272.0, 21748.0, 9692.0, 22003.0, 16495.0, 18998.0, 20377.0, 1319.0, 20496.0, 7407.0, 22034.0, 21995.0, 18984.0, 16081.0, 16508.0]","[0.4403, 0.4229, 0.4197, 0.4045, 0.3949, 0.3896, 0.3849, 0.3819, 0.3743, 0.3685, 0.3651, 0.3649, 0.364, 0.3621, 0.3577, 0.3565, 0.3564, 0.3531, 0.3509, 0.3504]","Recommend new remote sensing hardware or software acquisitio | Manage new product introduction projects to ensure effective | Research or develop new green electronics technologies, such"
CFLT,"Confluent, Inc.",20,0.25,0.6,0.95,"[3523.0, 1328.0, 1287.0, 16124.0, 23320.0, 174.0, 9794.0, 21648.0, 16270.0, 16183.0, 7630.0, 1312.0, 11311.0, 22111.0, 20281.0, 16144.0, 9795.0, 1270.0, 20981.0, 49.0]","[0.622, 0.5314, 0.5217, 0.5205, 0.5174, 0.5108, 0.5019, 0.5013, 0.5011, 0.5008, 0.5005, 0.4999, 0.4996, 0.4935, 0.4922, 0.487, 0.487, 0.4867, 0.4852, 0.4845]","Build and update digital databases. | Gather data pertaining to customer needs, and use the inform | Maintain records of daily data communication transactions, p"
CLVT,CLARIVATE PLC,20,0.15,0.475,0.8,"[15677.0, 23211.0, 5.0, 23210.0, 1655.0, 10720.0, 2514.0, 1025.0, 711.0, 1034.0, 8867.0, 21597.0, 15697.0, 21368.0, 21423.0, 2440.0, 23227.0, 15989.0, 2540.0, 23330.0]","[0.5416, 0.4599, 0.4329, 0.4326, 0.4283, 0.4282, 0.4275, 0.4235, 0.4154, 0.4138, 0.4075, 0.4075, 0.4074, 0.401, 0.3995, 0.3974, 0.3968, 0.3959, 0.3939, 0.3939]",Analyze acquisitions to ensure conformance with strategic go | Evaluate costs and revenue of agreements to determine contin | Review operational records and reports to project sales and 
CREX,"CREATIVE REALITIES, INC.",20,0.4,0.6,0.8,"[9272.0, 21229.0, 23889.0, 9263.0, 5114.0, 4588.0, 2676.0, 17595.0, 11251.0, 2303.0, 2450.0, 1767.0, 22606.0, 4593.0, 23897.0, 1958.0, 682.0, 2313.0, 14760.0, 3242.0]","[0.4986, 0.4754, 0.4753, 0.4722, 0.4682, 0.4614, 0.4605, 0.4592, 0.457, 0.4531, 0.453, 0.4477, 0.4467, 0.4455, 0.4438, 0.4435, 0.4418, 0.4415, 0.4409, 0.4387]",Use computers to produce signage. | Develop and maintain the company's corporate image and ident | Design and set up advertising signs and displays of merchand
CRM,"Salesforce, Inc.",20,0.35,0.55,0.75,"[11850.0, 11248.0, 9680.0, 1328.0, 18957.0, 16174.0, 4620.0, 9690.0, 21588.0, 16213.0, 826.0, 9699.0, 3160.0, 20741.0, 9678.0, 16175.0, 11241.0, 21995.0, 21076.0, 17731.0]","[0.4817, 0.4628, 0.4414, 0.4403, 0.4399, 0.4394, 0.4386, 0.4362, 0.4321, 0.4235, 0.4234, 0.42, 0.4191, 0.4161, 0.4155, 0.415, 0.4146, 0.4135, 0.4105, 0.4073]","Set up service for customers, installing, connecting, testin | Provide customers with ongoing technical support. | Collaborate with sales teams to understand customer requirem"
CRNC,Cerence Inc.,20,0.1,0.125,0.15,"[16375.0, 7951.0, 3187.0, 3220.0, 19637.0, 10674.0, 8418.0, 19698.0, 16576.0, 15195.0, 23742.0, 3192.0, 3198.0, 23498.0, 19930.0, 8381.0, 13908.0, 10686.0, 12758.0, 8355.0]","[0.4672, 0.4509, 0.4473, 0.4455, 0.4432, 0.4386, 0.432, 0.4319, 0.4301, 0.4297, 0.4267, 0.4239, 0.4231, 0.4224, 0.4212, 0.4207, 0.4143, 0.4112, 0.4096, 0.4055]","Provide human factors technical expertise on topics, such as | Enter and retrieve information pertaining to vehicle registr | Take numbered tags from customers, locate vehicles, and deli"
CRWD,"CrowdStrike Holdings, Inc.",20,0.15,0.5,0.85,"[21756.0, 15967.0, 21794.0, 14734.0, 21757.0, 21753.0, 21777.0, 21744.0, 14723.0, 21815.0, 5314.0, 1319.0, 21772.0, 14674.0, 21788.0, 21793.0, 21291.0, 22953.0, 21781.0, 21751.0]","[0.489, 0.4236, 0.4214, 0.4208, 0.4124, 0.4105, 0.4056, 0.3938, 0.3883, 0.3869, 0.3855, 0.3816, 0.3811, 0.377, 0.377, 0.3746, 0.3742, 0.3731, 0.3729, 0.3697]","Gather cyber intelligence to identify vulnerabilities. | Analyze corporate intelligence data to identify trends, patt | Maintain cyber defense software or hardware to support respo"
CSGS,CSG SYSTEMS INTERNATIONAL INC,20,0.45,0.625,0.8,"[16138.0, 16174.0, 21075.0, 3160.0, 9678.0, 18957.0, 15961.0, 11384.0, 9688.0, 694.0, 21311.0, 11248.0, 20741.0, 8119.0, 21076.0, 20740.0, 4620.0, 2424.0, 16175.0, 826.0]","[0.493, 0.473, 0.464, 0.4632, 0.4577, 0.454, 0.4529, 0.4463, 0.446, 0.4445, 0.4438, 0.4404, 0.4399, 0.4392, 0.4392, 0.4373, 0.4371, 0.4341, 0.432, 0.4317]","Communicate with customers, competitors, suppliers, professi | Implement online customer service processes to ensure positi | Persuade customers to purchase merchandise or services."
CVLT,COMMVAULT SYSTEMS INC,20,0.2,0.575,0.95,"[3523.0, 12952.0, 23320.0, 20281.0, 16111.0, 49.0, 16276.0, 16109.0, 17617.0, 7630.0, 5574.0, 16124.0, 22111.0, 21811.0, 16270.0, 16285.0, 16126.0, 21101.0, 18133.0, 7558.0]","[0.4796, 0.4665, 0.4617, 0.4509, 0.4465, 0.4418, 0.4377, 0.4372, 0.4352, 0.4302, 0.4292, 0.4273, 0.4265, 0.4226, 0.4204, 0.4183, 0.4177, 0.4167, 0.4133, 0.4089]","Build and update digital databases. | Prepare, manipulate, and manage extensive databases. | Organize or work with detailed office or warehouse records, "
CXM,"Sprinklr, Inc.",20,0.45,0.65,0.85,"[826.0, 16175.0, 16138.0, 16174.0, 18957.0, 11384.0, 22649.0, 23099.0, 16396.0, 23162.0, 15728.0, 694.0, 9692.0, 21076.0, 18988.0, 11241.0, 11248.0, 3155.0, 4620.0, 835.0]","[0.4916, 0.4692, 0.4653, 0.4624, 0.4572, 0.4513, 0.4478, 0.4405, 0.4385, 0.4308, 0.4281, 0.4231, 0.4183, 0.4174, 0.4167, 0.4137, 0.4121, 0.4118, 0.4086, 0.4029]","Communicate with customers, employees, and other individuals | Identify, evaluate, or procure hardware or software for impl | Communicate with customers, competitors, suppliers, professi"
DBX,"DROPBOX, INC.",20,0.05,0.5,0.95,"[18977.0, 23320.0, 794.0, 23048.0, 16238.0, 18993.0, 9271.0, 15228.0, 21475.0, 11245.0, 9795.0, 3967.0, 22272.0, 9187.0, 7630.0, 3728.0, 11276.0, 16468.0, 5319.0, 21238.0]","[0.4623, 0.4581, 0.4497, 0.4437, 0.443, 0.4401, 0.4398, 0.4398, 0.4362, 0.4328, 0.4303, 0.4257, 0.4247, 0.4202, 0.4146, 0.4142, 0.4138, 0.4104, 0.4095, 0.4064]","Maintain networks by performing activities such as file addi | Organize or work with detailed office or warehouse records,  | File and store completed documents on computer hard drive or"
DDOG,"Datadog, Inc.",20,0.15,0.525,0.9,"[14723.0, 5564.0, 14734.0, 20827.0, 16139.0, 16134.0, 1287.0, 15636.0, 21777.0, 10160.0, 16143.0, 21772.0, 10115.0, 21793.0, 18133.0, 1270.0, 15985.0, 21676.0, 14643.0, 16144.0]","[0.5251, 0.4847, 0.4822, 0.4765, 0.4674, 0.4652, 0.4626, 0.4533, 0.4505, 0.4485, 0.4479, 0.4475, 0.4475, 0.4465, 0.4455, 0.4447, 0.4443, 0.4434, 0.4416, 0.4394]","Monitor security system performance logs to identify problem | Monitor activities of logging companies and contractors. | Monitor systems for intrusions or denial of service attacks,"
DMRC,Digimarc CORP,20,0.05,0.325,0.6,"[22814.0, 2057.0, 13499.0, 10130.0, 3990.0, 17239.0, 7083.0, 2490.0, 19152.0, 21799.0, 14353.0, 16239.0, 22948.0, 7630.0, 4041.0, 19081.0, 20326.0, 19542.0, 23884.0, 22355.0]","[0.4946, 0.4715, 0.449, 0.4406, 0.4404, 0.4395, 0.4272, 0.4264, 0.4256, 0.4255, 0.4217, 0.4208, 0.4179, 0.4169, 0.4165, 0.4165, 0.4159, 0.4149, 0.4144, 0.414]","Operate digital picture archiving communications systems. | Prepare, maintain, and record records of inventories, receip | Mark logs for identification."
DOCN,"DigitalOcean Holdings, Inc.",20,0.4,0.625,0.85,"[1709.0, 17617.0, 11248.0, 4620.0, 11261.0, 16174.0, 16223.0, 21726.0, 11850.0, 23230.0, 23222.0, 967.0, 20185.0, 723.0, 1328.0, 21475.0, 21822.0, 21588.0, 11239.0, 15994.0]","[0.4532, 0.4376, 0.4361, 0.4203, 0.4178, 0.4174, 0.417, 0.4164, 0.4154, 0.4141, 0.4061, 0.4034, 0.4012, 0.3995, 0.3991, 0.3966, 0.3947, 0.3944, 0.394, 0.3921]","Design, customize, and maintain databases, web pages, and lo | Maintain client databases. | Provide customers with ongoing technical support."
DOCS,"Doximity, Inc.",20,0.25,0.45,0.65,"[7830.0, 18699.0, 18088.0, 5597.0, 258.0, 4250.0, 11075.0, 394.0, 18006.0, 22889.0, 22758.0, 9420.0, 18522.0, 18017.0, 22891.0, 22817.0, 11286.0, 4081.0, 17674.0, 442.0]","[0.5731, 0.532, 0.5244, 0.5117, 0.5104, 0.505, 0.4978, 0.4952, 0.4943, 0.4933, 0.4915, 0.4904, 0.4896, 0.4893, 0.4808, 0.4805, 0.4798, 0.4794, 0.479, 0.4741]","Provide consulting services to other physicians. | Communicate and collaborate with other healthcare profession | Design, develop, select, test, implement, and evaluate new o"
DOMO,"DOMO, INC.",20,0.15,0.525,0.9,"[23320.0, 16140.0, 22111.0, 16124.0, 1287.0, 1328.0, 22274.0, 22301.0, 21101.0, 11241.0, 11311.0, 16144.0, 8963.0, 3523.0, 16276.0, 11384.0, 17617.0, 12795.0, 3468.0, 15967.0]","[0.5139, 0.4918, 0.4404, 0.4402, 0.4381, 0.4369, 0.4349, 0.4312, 0.4282, 0.4249, 0.4213, 0.4199, 0.4198, 0.4191, 0.4176, 0.4172, 0.4169, 0.4161, 0.4159, 0.4137]","Organize or work with detailed office or warehouse records,  | Manage timely flow of business intelligence information to u | Operate and manage land-information computer systems, perfor"
DOX,AMDOCS LTD,20,0.2,0.5,0.8,"[21238.0, 2729.0, 16489.0, 21510.0, 16.0, 2774.0, 19350.0, 9727.0, 7318.0, 681.0, 8840.0, 17660.0, 22152.0, 20437.0, 15.0, 3352.0, 754.0, 14578.0, 2444.0, 21520.0]","[0.3543, 0.3497, 0.3492, 0.348, 0.3468, 0.3369, 0.3354, 0.3353, 0.3347, 0.3321, 0.324, 0.3238, 0.32, 0.3196, 0.3147, 0.313, 0.3123, 0.3114, 0.3088, 0.3078]",Maintain company archives. | Oversee all communications within specifically assigned terr | Develop or file intellectual property and patent disclosure 
DSGX,DESCARTES SYSTEMS GROUP INC,20,0.5,0.65,0.8,"[15861.0, 15877.0, 21345.0, 3220.0, 15876.0, 23886.0, 13237.0, 15898.0, 11384.0, 20780.0, 15903.0, 15889.0, 17689.0, 20900.0, 16183.0, 21344.0, 1222.0, 17683.0, 4620.0, 15883.0]","[0.6573, 0.6525, 0.5741, 0.5666, 0.566, 0.5585, 0.558, 0.5522, 0.5521, 0.5505, 0.5498, 0.5477, 0.5422, 0.5363, 0.5329, 0.5298, 0.5291, 0.5284, 0.5265, 0.526]",Propose logistics solutions for customers. | Provide logistics technology or information for effective an | Analyze all aspects of corporate logistics to determine the 
DT,"Dynatrace, Inc.",20,0.1,0.525,0.95,"[15723.0, 14634.0, 14669.0, 21755.0, 1319.0, 15948.0, 14679.0, 21807.0, 21676.0, 21744.0, 22902.0, 1318.0, 16075.0, 14740.0, 16139.0, 14748.0, 21793.0, 21822.0, 16235.0, 17734.0]","[0.4538, 0.4155, 0.4151, 0.4095, 0.4051, 0.3942, 0.3941, 0.3939, 0.3938, 0.3929, 0.3819, 0.3793, 0.3788, 0.3761, 0.3708, 0.368, 0.3678, 0.3669, 0.3662, 0.3641]","Implement security practices to preserve assets, minimize li | Maintain network hardware and software, direct network secur | Verify stability, interoperability, portability, security, o"
DUOT,"DUOS TECHNOLOGIES GROUP, INC.",20,0.1,0.5,0.9,"[16113.0, 3503.0, 16238.0, 20715.0, 23048.0, 8840.0, 15677.0, 20187.0, 16176.0, 21583.0, 3268.0, 8847.0, 13024.0, 14706.0, 15801.0, 14742.0, 2774.0, 8950.0, 9271.0, 10908.0]","[0.3831, 0.3667, 0.3542, 0.3478, 0.3468, 0.3375, 0.3292, 0.3288, 0.3285, 0.3258, 0.3243, 0.3144, 0.3096, 0.3072, 0.3032, 0.3028, 0.3021, 0.3011, 0.301, 0.2977]","Collaborate with system architects, software architects, des | Collaborate with programmers, underwriters, accounts, claims | Implement electronic document processing, retrieval, and dis"
DXC,DXC Technology Co,20,0.2,0.475,0.75,"[16957.0, 8147.0, 15961.0, 21262.0, 15963.0, 15677.0, 18980.0, 15698.0, 20715.0, 18608.0, 56.0, 20741.0, 18988.0, 18998.0, 8932.0, 22034.0, 15680.0, 16132.0, 16113.0, 18960.0]","[0.4129, 0.4117, 0.4107, 0.4009, 0.3965, 0.389, 0.3867, 0.3867, 0.3862, 0.3859, 0.3839, 0.3827, 0.3779, 0.3759, 0.3744, 0.3707, 0.3706, 0.3695, 0.3689, 0.3688]",Serve as a technical liaison between quality control and oth | Schedule and coordinate transfer and delivery of security ce | Identify opportunities for strategic improvement or mitigati
EGAN,EGAIN Corp,20,0.5,0.725,0.95,"[11248.0, 16174.0, 826.0, 11241.0, 23233.0, 23230.0, 16136.0, 9678.0, 18957.0, 23099.0, 16138.0, 16140.0, 11384.0, 16139.0, 18988.0, 20741.0, 13198.0, 18765.0, 15728.0, 21076.0]","[0.4899, 0.4726, 0.4596, 0.4531, 0.4438, 0.4406, 0.44, 0.4368, 0.4349, 0.4345, 0.4282, 0.4254, 0.4209, 0.4186, 0.4177, 0.4176, 0.4169, 0.4162, 0.4129, 0.4126]","Provide customers with ongoing technical support. | Implement online customer service processes to ensure positi | Communicate with customers, employees, and other individuals"
EGHT,8X8 INC /DE/,20,0.4,0.6,0.8,"[826.0, 16396.0, 15723.0, 16174.0, 15728.0, 835.0, 11248.0, 4631.0, 20366.0, 3468.0, 14674.0, 18988.0, 6986.0, 21239.0, 2379.0, 16140.0, 14748.0, 11384.0, 7404.0, 16138.0]","[0.4465, 0.4121, 0.4084, 0.3958, 0.3942, 0.3917, 0.3914, 0.3905, 0.3904, 0.39, 0.3885, 0.3881, 0.3877, 0.3871, 0.3849, 0.3775, 0.3743, 0.3734, 0.3696, 0.3693]","Communicate with customers, employees, and other individuals | Advocate for end users in collaboration with other professio | Implement security practices to preserve assets, minimize li"
EPAM,"EPAM Systems, Inc.",20,0.25,0.5,0.75,"[15963.0, 9292.0, 3287.0, 23352.0, 15879.0, 1001.0, 845.0, 15953.0, 23071.0, 15802.0, 16079.0, 984.0, 13176.0, 2729.0, 9681.0, 17691.0, 18873.0, 15944.0, 15957.0, 20751.0]","[0.4484, 0.4385, 0.4301, 0.4297, 0.4197, 0.4185, 0.4136, 0.4069, 0.4, 0.3963, 0.3936, 0.3901, 0.3887, 0.3885, 0.3874, 0.3841, 0.3838, 0.3832, 0.379, 0.3771]","Create scenarios to reestablish operations from various type | Plan for location-specific issues, such as space limitations | Prepare budgets for personnel operations."
ESTC,Elastic N.V.,20,0.1,0.525,0.95,"[7630.0, 16124.0, 23320.0, 12952.0, 16139.0, 16109.0, 1312.0, 21101.0, 21648.0, 16115.0, 20328.0, 22882.0, 9795.0, 22903.0, 17715.0, 16119.0, 20281.0, 16144.0, 3523.0, 15719.0]","[0.455, 0.454, 0.4502, 0.4464, 0.4277, 0.4163, 0.4122, 0.4121, 0.4113, 0.4066, 0.405, 0.4032, 0.4027, 0.4005, 0.3965, 0.3959, 0.3947, 0.3912, 0.3909, 0.3908]","Create and maintain accessible, retrievable computer archive | Map data between source systems, data warehouses, and data m | Organize or work with detailed office or warehouse records, "
EVTC,"EVERTEC, Inc.",20,0.1,0.45,0.8,"[7326.0, 7325.0, 20168.0, 8860.0, 23205.0, 15677.0, 8858.0, 3510.0, 21510.0, 21327.0, 15661.0, 21320.0, 21424.0, 5271.0, 8859.0, 8847.0, 21319.0, 9698.0, 21646.0, 676.0]","[0.5291, 0.5261, 0.5194, 0.511, 0.5065, 0.4854, 0.484, 0.4787, 0.4769, 0.462, 0.4604, 0.4599, 0.4589, 0.455, 0.4482, 0.4464, 0.4437, 0.4401, 0.4388, 0.4371]","Review applications for mergers, acquisitions, establishment | Verify and inspect cash reserves, assigned collateral, and b | Monitor financial activities and details, such as cash flow "
EXFY,"Expensify, Inc.",20,0.1,0.475,0.85,"[15293.0, 17893.0, 8869.0, 974.0, 286.0, 18534.0, 3394.0, 1081.0, 21506.0, 21519.0, 20234.0, 21357.0, 23214.0, 16166.0, 20631.0, 20703.0, 15408.0, 15960.0, 8823.0, 17560.0]","[0.4873, 0.4736, 0.4695, 0.4624, 0.455, 0.4477, 0.4477, 0.4468, 0.4428, 0.4406, 0.4388, 0.4361, 0.4346, 0.4316, 0.4316, 0.4308, 0.4306, 0.4252, 0.4246, 0.4235]","Oversee expense allowances, ensuring that accounts are balan | Create or manage recycling operations budgets. | Provide direction and assistance to other organizational uni"
FA,FIRST ADVANTAGE CORP,20,0.1,0.325,0.55,"[9532.0, 2102.0, 2695.0, 22954.0, 15351.0, 13207.0, 18713.0, 21304.0, 7558.0, 21447.0, 20123.0, 4542.0, 20190.0, 9454.0, 2632.0, 21353.0, 15792.0, 21491.0, 9711.0, 23047.0]","[0.5759, 0.4704, 0.4559, 0.4422, 0.44, 0.4375, 0.4344, 0.432, 0.4263, 0.425, 0.4191, 0.4164, 0.4121, 0.4107, 0.4101, 0.4089, 0.4067, 0.4058, 0.4055, 0.4049]","Screen job applicants, and hire new employees. | Guard facility entrances to screen visitors. | Interview job applicants to obtain and verify information us"
FDS,FACTSET RESEARCH SYSTEMS INC,20,0.3,0.65,1.0,"[15986.0, 21596.0, 12913.0, 23214.0, 16144.0, 16139.0, 20188.0, 15967.0, 16146.0, 15983.0, 12952.0, 18970.0, 20281.0, 23193.0, 16134.0, 20184.0, 21581.0, 15669.0, 16150.0, 21323.0]","[0.5302, 0.498, 0.494, 0.4898, 0.4877, 0.4793, 0.4735, 0.4704, 0.4675, 0.4638, 0.4571, 0.4553, 0.4548, 0.4546, 0.4545, 0.4534, 0.4511, 0.4503, 0.4436, 0.4427]","Research new financial products or analytics to determine th | Monitor fundamental economic, industrial, and corporate deve | Prepare or interpret for clients information, such as invest"
FIVN,"Five9, Inc.",20,0.7,0.775,0.85,"[19010.0, 21076.0, 15208.0, 11248.0, 4631.0, 11384.0, 16081.0, 11850.0, 20741.0, 750.0, 18928.0, 9427.0, 1328.0, 4625.0, 5063.0, 765.0, 2790.0, 826.0, 16174.0, 15728.0]","[0.4775, 0.4589, 0.4483, 0.4456, 0.4451, 0.4374, 0.4352, 0.4341, 0.4322, 0.427, 0.4224, 0.4216, 0.4214, 0.4191, 0.4173, 0.4141, 0.4135, 0.4132, 0.4081, 0.4058]",Provide telephone support related to networking or connectiv | Answer telephones and assist customers with their questions. | Implement and provide technical support for voice services a
FRSH,Freshworks Inc.,20,0.5,0.65,0.8,"[2167.0, 13255.0, 13207.0, 3156.0, 8119.0, 9688.0, 13194.0, 11248.0, 7674.0, 21395.0, 16136.0, 640.0, 23230.0, 10033.0, 9530.0, 20740.0, 20185.0, 9690.0, 11261.0, 9697.0]","[0.5036, 0.4806, 0.4801, 0.4776, 0.4643, 0.4575, 0.4556, 0.4531, 0.4526, 0.4506, 0.4482, 0.4472, 0.4442, 0.4419, 0.4415, 0.4397, 0.4395, 0.4385, 0.4381, 0.4377]","Evaluate new products for usefulness and suitability. | Promote company products, services, and savings plans when a | Recommend product or service improvements to employers."
FSLY,"Fastly, Inc.",20,0.05,0.4,0.75,"[15723.0, 14634.0, 21820.0, 1319.0, 18998.0, 18965.0, 1709.0, 1324.0, 21683.0, 14740.0, 9589.0, 20329.0, 18985.0, 14735.0, 18977.0, 11954.0, 21807.0, 5321.0, 21325.0, 18980.0]","[0.3519, 0.3374, 0.3297, 0.3291, 0.3262, 0.3253, 0.3157, 0.3139, 0.309, 0.3088, 0.3066, 0.3048, 0.3022, 0.2997, 0.2991, 0.2981, 0.298, 0.2972, 0.2956, 0.2932]","Implement security practices to preserve assets, minimize li | Maintain network hardware and software, direct network secur | Run infrastructure tests to examine the behavior of large pe"
GDDY,GoDaddy Inc.,20,0.35,0.525,0.7,"[20740.0, 21325.0, 2676.0, 14742.0, 16174.0, 17654.0, 9690.0, 717.0, 20227.0, 16175.0, 2586.0, 14706.0, 2048.0, 9688.0, 21076.0, 17620.0, 20185.0, 21151.0, 21075.0, 723.0]","[0.4373, 0.42, 0.4179, 0.4162, 0.4115, 0.4082, 0.4075, 0.3985, 0.398, 0.3936, 0.3908, 0.3885, 0.3875, 0.3848, 0.3826, 0.3818, 0.3798, 0.3781, 0.3768, 0.3756]",Solicit new business. | Network within communities to find and attract new business. | Attempt to sell additional merchandise or services to prospe
GDYN,"GRID DYNAMICS HOLDINGS, INC.",20,0.1,0.425,0.75,"[19531.0, 23217.0, 17654.0, 21438.0, 21440.0, 3235.0, 15963.0, 16141.0, 3510.0, 15984.0, 1315.0, 23193.0, 8847.0, 8840.0, 21603.0, 15961.0, 23203.0, 15986.0, 20951.0, 23327.0]","[0.342, 0.342, 0.3382, 0.332, 0.3251, 0.3247, 0.3224, 0.3208, 0.3174, 0.3131, 0.3118, 0.3101, 0.304, 0.3025, 0.3023, 0.3006, 0.2985, 0.2936, 0.2928, 0.2928]",Monitor regulatory affairs activities to ensure their alignm | Relay buy or sell orders to securities exchanges or to firm  | Generate solar energy customer leads to develop new accounts
GTLB,Gitlab Inc.,20,0.15,0.55,0.95,"[21726.0, 21718.0, 17544.0, 21719.0, 15985.0, 14692.0, 21734.0, 14694.0, 15952.0, 12034.0, 16212.0, 21659.0, 7404.0, 21715.0, 1270.0, 14656.0, 14691.0, 16476.0, 14674.0, 22227.0]","[0.5384, 0.4797, 0.4779, 0.4611, 0.4551, 0.4498, 0.4474, 0.4382, 0.4333, 0.4287, 0.4267, 0.4222, 0.421, 0.4194, 0.4181, 0.4173, 0.4168, 0.4158, 0.4156, 0.4126]","Provide technical support to users or clients regarding the  | Provide technical expertise in Geographic Information System | Design, use, or maintain databases and software applications"
GWRE,"Guidewire Software, Inc.",20,0.15,0.45,0.75,"[23337.0, 720.0, 21440.0, 23319.0, 17685.0, 735.0, 21330.0, 724.0, 8203.0, 23322.0, 718.0, 3509.0, 22903.0, 15952.0, 21425.0, 23338.0, 18088.0, 2325.0, 1656.0, 19542.0]","[0.5744, 0.5077, 0.4885, 0.4875, 0.4816, 0.4709, 0.4541, 0.4527, 0.4478, 0.4477, 0.4451, 0.44, 0.4349, 0.4348, 0.4338, 0.4329, 0.4318, 0.4306, 0.4292, 0.4265]","Enter insurance- and claims-related information into databas | Customize insurance programs to suit individual customers, o | Communicate with reinsurance brokers to obtain information n"
HCAT,"Health Catalyst, Inc.",20,0.25,0.625,1.0,"[18088.0, 18093.0, 22903.0, 22898.0, 17710.0, 18094.0, 16277.0, 22896.0, 12952.0, 514.0, 22819.0, 22882.0, 16284.0, 21810.0, 16143.0, 4076.0, 831.0, 14610.0, 21791.0, 20281.0]","[0.5594, 0.5543, 0.5103, 0.5008, 0.4942, 0.4907, 0.4882, 0.4785, 0.4783, 0.4764, 0.4725, 0.4652, 0.4648, 0.4629, 0.4624, 0.4608, 0.4552, 0.4546, 0.4542, 0.4518]","Design, develop, select, test, implement, and evaluate new o | Develop, implement, or evaluate health information technolog | Plan, develop, maintain, or operate a variety of health reco"
HSTM,HEALTHSTREAM INC,20,0.45,0.625,0.8,"[18099.0, 16282.0, 17223.0, 22898.0, 18088.0, 11075.0, 17110.0, 19043.0, 55.0, 18412.0, 1813.0, 514.0, 16267.0, 22891.0, 18317.0, 4175.0, 19347.0, 9417.0, 8970.0, 22896.0]","[0.5331, 0.5139, 0.5068, 0.5027, 0.4917, 0.4905, 0.4803, 0.4797, 0.4783, 0.4746, 0.4745, 0.4735, 0.4651, 0.4631, 0.4624, 0.4622, 0.4616, 0.4614, 0.4607, 0.4575]","Develop or deliver training programs for health information  | Confer with end users to define or implement clinical system | Design, implement, or evaluate health service delivery syste"
HUBS,HUBSPOT INC,20,0.3,0.525,0.75,"[8794.0, 9690.0, 20740.0, 20612.0, 4642.0, 20227.0, 3160.0, 8120.0, 23231.0, 3510.0, 8758.0, 20185.0, 3157.0, 17660.0, 3154.0, 16138.0, 3773.0, 9698.0, 12871.0, 4028.0]","[0.4929, 0.4742, 0.4629, 0.4627, 0.4608, 0.4573, 0.4511, 0.4463, 0.4444, 0.4436, 0.4382, 0.437, 0.4352, 0.4344, 0.4315, 0.431, 0.4243, 0.4234, 0.4234, 0.4226]","Total sales, and collect money from customers. | Create sales or service contracts for products or services. | Solicit new business."
IDN,"Intellicheck, Inc.",20,0.15,0.425,0.7,"[23253.0, 21510.0, 7325.0, 3510.0, 14845.0, 15966.0, 8153.0, 15636.0, 7318.0, 2797.0, 21461.0, 7125.0, 19531.0, 2409.0, 21298.0, 15967.0, 8517.0, 21764.0, 15677.0, 15661.0]","[0.3268, 0.32, 0.3176, 0.3145, 0.3142, 0.3086, 0.3067, 0.304, 0.294, 0.2924, 0.292, 0.2893, 0.2888, 0.2869, 0.286, 0.2848, 0.2846, 0.2834, 0.2833, 0.2832]","Take orders for imprinted checks. | Confer with company officials about financial and regulatory | Verify and inspect cash reserves, assigned collateral, and b"
IIIV,"i3 Verticals, Inc.",20,0.15,0.4,0.65,"[3510.0, 21601.0, 12917.0, 8847.0, 15677.0, 15966.0, 16.0, 21581.0, 711.0, 1394.0, 15961.0, 23886.0, 23897.0, 20187.0, 15698.0, 1030.0, 15963.0, 1333.0, 8828.0, 16183.0]","[0.4216, 0.4134, 0.4054, 0.3958, 0.3941, 0.3863, 0.3829, 0.3828, 0.3791, 0.3757, 0.372, 0.3712, 0.3698, 0.3684, 0.3683, 0.3674, 0.3674, 0.3655, 0.3648, 0.363]",Manage credit and help price corporate security offerings. | Purchase investments for companies in accordance with compan | Devise debt liquidation plans that include payoff priorities
INLX,"INTELLINETICS, INC.",20,0.25,0.55,0.85,"[16139.0, 16144.0, 16143.0, 6027.0, 15966.0, 16134.0, 16142.0, 5505.0, 16227.0, 16136.0, 1411.0, 16146.0, 16233.0, 21726.0, 15948.0, 15967.0, 17544.0, 2816.0, 22036.0, 23242.0]","[0.4209, 0.4045, 0.3878, 0.3847, 0.3842, 0.3816, 0.3788, 0.3769, 0.3766, 0.3742, 0.3723, 0.3679, 0.3671, 0.3619, 0.3556, 0.3539, 0.3538, 0.3529, 0.3474, 0.347]","Maintain or update business intelligence tools, databases, d | Create business intelligence tools or systems, including des | Disseminate information regarding tools, reports, or metadat"
INTA,"Intapp, Inc.",20,0.3,0.575,0.85,"[3511.0, 21583.0, 3503.0, 8864.0, 21822.0, 20186.0, 20187.0, 12916.0, 15994.0, 18933.0, 9690.0, 16144.0, 3510.0, 15986.0, 18942.0, 9698.0, 20281.0, 21588.0, 23200.0, 3418.0]","[0.5464, 0.5356, 0.4987, 0.4568, 0.4523, 0.4481, 0.4453, 0.4445, 0.443, 0.4425, 0.4402, 0.439, 0.4382, 0.4337, 0.4336, 0.4294, 0.4272, 0.4264, 0.4262, 0.4253]","Provide expertise to help financial institutions manage risk | Collaborate with investment bankers to attract new corporate | Collaborate with programmers, underwriters, accounts, claims"
JKHY,JACK HENRY & ASSOCIATES INC,20,0.2,0.475,0.75,"[3421.0, 21442.0, 3510.0, 2503.0, 4724.0, 23104.0, 12918.0, 2558.0, 7327.0, 15731.0, 2567.0, 3523.0, 23254.0, 23299.0, 11296.0, 16126.0, 2569.0, 2494.0, 8125.0, 825.0]","[0.5005, 0.4684, 0.4657, 0.4453, 0.4424, 0.4154, 0.412, 0.4098, 0.4075, 0.4066, 0.4031, 0.4018, 0.4, 0.3983, 0.3976, 0.397, 0.3963, 0.3961, 0.394, 0.3895]","Market bank products to individuals and firms, promoting ban | Obtain credit information from banks and other credit servic | Manage credit and help price corporate security offerings."
LDOS,"Leidos Holdings, Inc.",20,0.2,0.425,0.65,"[3743.0, 15966.0, 21489.0, 18962.0, 22045.0, 16542.0, 16535.0, 16802.0, 22052.0, 973.0, 3504.0, 18183.0, 21581.0, 22152.0, 7392.0, 16778.0, 8840.0, 3901.0, 15967.0, 3510.0]","[0.3875, 0.3716, 0.3649, 0.3588, 0.3535, 0.353, 0.3525, 0.3505, 0.3475, 0.3437, 0.3428, 0.3358, 0.3335, 0.3329, 0.3319, 0.3316, 0.3293, 0.3282, 0.3279, 0.3253]","Provide technical support and services for scientists and en | Conduct or oversee collection of corporate intelligence to a | Engineer, install, maintain, or repair security systems, pro"
LPSN,LIVEPERSON INC,20,0.6,0.775,0.95,"[22649.0, 826.0, 4631.0, 15728.0, 3931.0, 9427.0, 11384.0, 16138.0, 22655.0, 16175.0, 18957.0, 7021.0, 23099.0, 6986.0, 4625.0, 1941.0, 21413.0, 9692.0, 2790.0, 18988.0]","[0.4773, 0.4657, 0.4482, 0.4412, 0.4406, 0.4367, 0.4353, 0.4349, 0.4341, 0.4332, 0.433, 0.421, 0.4165, 0.4121, 0.4098, 0.4091, 0.4089, 0.4039, 0.4003, 0.3997]","Communicate with readers, viewers, advertisers, or the gener | Communicate with customers, employees, and other individuals | Answer incoming calls, greeting callers, providing informati"
MANH,MANHATTAN ASSOCIATES INC,20,0.4,0.6,0.8,"[2806.0, 17654.0, 2465.0, 17601.0, 9727.0, 11850.0, 2424.0, 9688.0, 1035.0, 9690.0, 689.0, 8840.0, 3510.0, 17731.0, 17605.0, 11251.0, 20261.0, 21072.0, 8758.0, 21381.0]","[0.4011, 0.3737, 0.3691, 0.3627, 0.3522, 0.3513, 0.349, 0.3482, 0.3452, 0.3435, 0.3431, 0.3404, 0.3383, 0.3374, 0.3369, 0.3347, 0.3334, 0.3323, 0.3315, 0.3314]","Provide services to customers, such as order placement or ac | Generate solar energy customer leads to develop new accounts | Contact utility companies for service hookups to clients' pr"
MAPS,"WM TECHNOLOGY, INC.",20,0.5,0.6,0.7,"[8119.0, 1333.0, 11384.0, 16183.0, 13239.0, 13196.0, 19995.0, 18609.0, 23886.0, 11172.0, 23897.0, 1035.0, 1356.0, 8794.0, 2676.0, 4620.0, 8113.0, 19549.0, 955.0, 21072.0]","[0.4713, 0.465, 0.4571, 0.4563, 0.4521, 0.4427, 0.4361, 0.4327, 0.4324, 0.4303, 0.4272, 0.4271, 0.423, 0.4216, 0.4212, 0.4195, 0.4181, 0.4145, 0.4141, 0.4119]",Provide customers with product samples and catalogs. | Coordinate with vendors and with company personnel to facili | Communicate with customers and vendors to exchange informati
MCHX,MARCHEX INC,20,0.5,0.7,0.9,"[826.0, 18957.0, 21413.0, 23099.0, 16138.0, 16136.0, 11384.0, 18988.0, 16140.0, 21076.0, 9688.0, 16175.0, 9680.0, 16149.0, 2048.0, 3160.0, 8119.0, 15728.0, 4625.0, 23231.0]","[0.5217, 0.521, 0.5162, 0.515, 0.5094, 0.506, 0.5017, 0.4864, 0.4759, 0.4709, 0.4695, 0.4692, 0.4617, 0.452, 0.4504, 0.4501, 0.4476, 0.4474, 0.4445, 0.4437]","Communicate with customers, employees, and other individuals | Communicate with customers, sales staff, or marketing staff  | Talk to customers to convey information about events or acti"
MDB,"MongoDB, Inc.",20,0.1,0.525,0.95,"[16109.0, 16115.0, 17617.0, 16114.0, 20281.0, 12952.0, 5574.0, 1312.0, 3523.0, 21648.0, 9795.0, 16108.0, 1644.0, 16144.0, 16112.0, 14704.0, 16787.0, 16111.0, 9698.0, 16139.0]","[0.6293, 0.6115, 0.5801, 0.5713, 0.56, 0.5509, 0.549, 0.5474, 0.5331, 0.5286, 0.5189, 0.5148, 0.5144, 0.5075, 0.5065, 0.5059, 0.5012, 0.5002, 0.498, 0.4977]","Design databases to support business applications, ensuring  | Develop and document database architectures. | Maintain client databases."
MGNI,"MAGNITE, INC.",20,0.15,0.5,0.85,"[23234.0, 8122.0, 79.0, 4593.0, 16147.0, 16175.0, 23193.0, 3228.0, 23203.0, 16081.0, 8794.0, 9271.0, 4579.0, 3894.0, 11248.0, 13223.0, 20324.0, 1774.0, 20715.0, 1344.0]","[0.464, 0.4442, 0.437, 0.4361, 0.4276, 0.4261, 0.4245, 0.4172, 0.4078, 0.4057, 0.3984, 0.3976, 0.397, 0.397, 0.3963, 0.3958, 0.3926, 0.3914, 0.3882, 0.3882]","Monitor market conditions, innovations, and competitors' ser | Monitor market conditions, product innovations, and competit | Monitor competitors' sales activities by following their adv"
MQ,"Marqeta, Inc.",20,0.15,0.275,0.4,"[4668.0, 10712.0, 1954.0, 22608.0, 15731.0, 23302.0, 2400.0, 642.0, 2409.0, 11331.0, 17588.0, 13248.0, 11355.0, 5268.0, 21152.0, 23100.0, 4674.0, 23882.0, 2305.0, 23131.0]","[0.5314, 0.4856, 0.4719, 0.4698, 0.4686, 0.4664, 0.464, 0.4638, 0.4619, 0.4524, 0.4478, 0.4472, 0.4468, 0.4448, 0.4352, 0.4338, 0.4329, 0.4328, 0.4312, 0.4249]","Cash checks and process credit card advances for patrons. | Collect cash payments from customers, and make change or cha | Operate cash registers to accept payment from customers."
MSFT,MICROSOFT CORP,20,0.15,0.55,0.95,"[15961.0, 15952.0, 19996.0, 21753.0, 21831.0, 973.0, 15948.0, 15963.0, 1312.0, 15723.0, 16144.0, 21265.0, 2167.0, 16109.0, 7571.0, 23320.0, 11239.0, 15994.0, 3523.0, 20281.0]","[0.51, 0.4845, 0.4497, 0.4459, 0.4454, 0.4453, 0.4402, 0.4356, 0.4267, 0.4244, 0.4209, 0.4208, 0.4203, 0.417, 0.4128, 0.4116, 0.4092, 0.4088, 0.4084, 0.4075]","Identify opportunities for strategic improvement or mitigati | Design or implement products and services to mitigate risk o | Develop logistic metrics, internal analysis tools, or key pe"
NET,"Cloudflare, Inc.",20,0.225,0.5125,0.8,"[18998.0, 18972.0, 3468.0, 1324.0, 14634.0, 15723.0, 14740.0, 18980.0, 1318.0, 14708.0, 19011.0, 15963.0, 14679.0, 18965.0, 1291.0, 11850.0, 11248.0, 16064.0, 18962.0, 14725.0]","[0.5306, 0.4917, 0.4321, 0.43, 0.4289, 0.4245, 0.4219, 0.4142, 0.4137, 0.413, 0.4115, 0.4083, 0.4065, 0.4055, 0.4051, 0.4047, 0.4021, 0.3912, 0.3911, 0.3905]","Install new hardware or software systems or components, ensu | Develop plans or budgets for network equipment replacement. | Coordinate and link the computer systems within an organizat"
NOW,"ServiceNow, Inc.",20,0.35,0.6,0.85,"[14681.0, 16238.0, 16270.0, 1273.0, 15731.0, 22111.0, 5505.0, 16129.0, 2931.0, 2813.0, 16183.0, 1328.0, 3470.0, 15948.0, 18088.0, 3473.0, 15877.0, 18100.0, 7404.0, 971.0]","[0.5443, 0.5216, 0.5205, 0.5178, 0.5177, 0.5137, 0.5135, 0.5111, 0.5071, 0.506, 0.5054, 0.5019, 0.4991, 0.4937, 0.4936, 0.4916, 0.4912, 0.4847, 0.4831, 0.4826]","Define and analyze objectives, scope, issues, or organizatio | Implement electronic document processing, retrieval, and dis | Develop technical specifications for data management program"
NTCT,NETSCOUT SYSTEMS INC,20,0.15,0.525,0.9,"[15723.0, 1319.0, 14740.0, 21775.0, 21753.0, 21756.0, 21744.0, 14634.0, 1328.0, 21283.0, 9530.0, 14674.0, 18972.0, 15952.0, 21500.0, 21780.0, 16174.0, 21789.0, 15961.0, 11850.0]","[0.4809, 0.4741, 0.4418, 0.4406, 0.4391, 0.4282, 0.424, 0.4223, 0.4211, 0.4203, 0.4187, 0.4162, 0.4121, 0.4073, 0.406, 0.4056, 0.4055, 0.4053, 0.4043, 0.4039]","Implement security practices to preserve assets, minimize li | Plan, coordinate, and implement network security measures to | Implement updates, upgrades, and patches in a timely manner "
NTNX,"Nutanix, Inc.",20,0.05,0.425,0.8,"[16100.0, 14679.0, 14725.0, 16131.0, 1285.0, 11954.0, 23120.0, 10115.0, 15723.0, 1709.0, 21499.0, 14634.0, 21648.0, 967.0, 14627.0, 1318.0, 14673.0, 20009.0, 14740.0, 14729.0]","[0.3944, 0.3718, 0.3708, 0.3672, 0.3647, 0.353, 0.3519, 0.35, 0.3461, 0.3433, 0.3413, 0.3406, 0.3385, 0.3335, 0.3334, 0.333, 0.3317, 0.3269, 0.3251, 0.3216]","Set up database clusters, backup, or recovery processes. | Configure servers to meet functional specifications. | Evaluate or recommend server hardware or software."
NTWK,NETSOL TECHNOLOGIES INC,20,0.45,0.6,0.75,"[3510.0, 23221.0, 23192.0, 15986.0, 21597.0, 9690.0, 3511.0, 23203.0, 4722.0, 3421.0, 11248.0, 23302.0, 23222.0, 20741.0, 23242.0, 20616.0, 23215.0, 15881.0, 15983.0, 23201.0]","[0.4529, 0.4258, 0.4053, 0.3955, 0.3942, 0.3899, 0.3893, 0.3892, 0.388, 0.385, 0.3847, 0.3736, 0.3735, 0.3704, 0.3703, 0.3695, 0.3695, 0.3672, 0.364, 0.3635]",Manage credit and help price corporate security offerings. | Purchase or sell financial derivatives for customers. | Make bids or offers to buy or sell securities.
OKTA,"Okta, Inc.",20,0.25,0.55,0.85,"[22949.0, 14674.0, 15723.0, 2133.0, 22899.0, 5313.0, 20630.0, 14748.0, 966.0, 1319.0, 14735.0, 21302.0, 4542.0, 21683.0, 23071.0, 8147.0, 21779.0, 21485.0, 19524.0, 12728.0]","[0.4779, 0.4534, 0.4439, 0.4409, 0.4345, 0.4136, 0.409, 0.4082, 0.3988, 0.397, 0.3956, 0.3937, 0.393, 0.3864, 0.3851, 0.3844, 0.3776, 0.3737, 0.3718, 0.3717]","Monitor and authorize entry of employees, visitors, or other | Provide customers or installation teams guidelines for imple | Implement security practices to preserve assets, minimize li"
ONTF,ON24 INC.,20,0.45,0.7,0.95,"[16175.0, 15717.0, 16174.0, 23162.0, 20322.0, 8119.0, 4629.0, 23231.0, 14742.0, 7493.0, 9688.0, 16179.0, 15715.0, 13190.0, 13198.0, 19500.0, 11384.0, 21413.0, 20321.0, 20612.0]","[0.5771, 0.5137, 0.4998, 0.492, 0.49, 0.481, 0.4777, 0.4774, 0.4692, 0.4682, 0.4632, 0.4626, 0.4619, 0.4606, 0.4602, 0.4573, 0.4573, 0.4568, 0.4557, 0.4548]","Identify, evaluate, or procure hardware or software for impl | Promote products in online communities through weblog or dis | Implement online customer service processes to ensure positi"
OOMA,OOMA INC,20,0.05,0.525,1.0,"[21402.0, 952.0, 23211.0, 21534.0, 21609.0, 7320.0, 2225.0, 15735.0, 5289.0, 5.0, 18841.0, 21506.0, 3403.0, 21321.0, 2570.0, 3394.0, 21439.0, 2489.0, 8867.0, 21522.0]","[0.4781, 0.4587, 0.4532, 0.4472, 0.4279, 0.4164, 0.414, 0.413, 0.4129, 0.4064, 0.404, 0.3987, 0.3961, 0.3948, 0.3932, 0.3924, 0.3917, 0.3895, 0.3878, 0.3848]","Calculate and record department expenses and revenue. | Evaluate the financial aspects of product development, such  | Evaluate costs and revenue of agreements to determine contin"
ORCL,ORACLE CORP,20,0.25,0.55,0.85,"[21453.0, 13291.0, 23258.0, 13248.0, 23867.0, 23211.0, 678.0, 11261.0, 23302.0, 21452.0, 3500.0, 23277.0, 23232.0, 7932.0, 18780.0, 23222.0, 23260.0, 9690.0, 2325.0, 13249.0]","[0.5174, 0.4794, 0.4738, 0.4686, 0.4548, 0.4381, 0.438, 0.43, 0.4291, 0.4286, 0.4264, 0.4242, 0.4231, 0.4224, 0.4215, 0.4211, 0.4205, 0.4205, 0.4169, 0.4155]","Collect fees for licenses. | Compute prices for services and receive payment, or provide  | Compute credit terms, discounts, shipment charges, or rates "
OTEX,OPEN TEXT CORP,20,0.25,0.6,0.95,"[20281.0, 16228.0, 9795.0, 12952.0, 16223.0, 16144.0, 11384.0, 20900.0, 16140.0, 640.0, 16119.0, 16115.0, 20437.0, 23320.0, 9698.0, 16146.0, 21101.0, 16142.0, 16139.0, 9794.0]","[0.4899, 0.4471, 0.4431, 0.4393, 0.4347, 0.4337, 0.4331, 0.4302, 0.4294, 0.422, 0.4208, 0.4204, 0.4181, 0.4159, 0.4158, 0.4147, 0.4108, 0.4105, 0.4103, 0.4088]","Create, maintain, and enter information into databases. | Document technical functions and specifications for new or p | File data and related information, and maintain and update d"
PATH,"UiPath, Inc.",20,0.15,0.3,0.45,"[16579.0, 16576.0, 16516.0, 16527.0, 10901.0, 13956.0, 19685.0, 10902.0, 16144.0, 16514.0, 16596.0, 16140.0, 22034.0, 10115.0, 21057.0, 21060.0, 23320.0, 11837.0, 11954.0, 1270.0]","[0.5867, 0.5553, 0.5435, 0.5422, 0.5322, 0.5288, 0.5279, 0.5268, 0.5124, 0.5068, 0.5045, 0.4962, 0.4958, 0.4958, 0.4887, 0.4864, 0.4853, 0.4814, 0.471, 0.4701]","Maintain service records of robotic equipment or automated p | Train customers or other personnel to install, use, or maint | Create back-ups of robot programs or parameters."
PAYC,"Paycom Software, Inc.",20,0.25,0.575,0.9,"[18866.0, 19432.0, 1312.0, 20228.0, 23320.0, 18863.0, 20281.0, 7558.0, 8963.0, 18133.0, 12952.0, 16223.0, 49.0, 993.0, 3277.0, 16144.0, 3285.0, 18572.0, 23242.0, 11241.0]","[0.5645, 0.5161, 0.5033, 0.4931, 0.4931, 0.4836, 0.4802, 0.4757, 0.4733, 0.4724, 0.4665, 0.4583, 0.4564, 0.4563, 0.4546, 0.4476, 0.4389, 0.4378, 0.4343, 0.4342]","Prepare or maintain employment records related to events, su | Control workflow scheduling or job tracking, using computer  | Identify and evaluate industry trends in database systems to"
PCOR,"PROCORE TECHNOLOGIES, INC.",20,0.35,0.6,0.85,"[139.0, 16213.0, 22301.0, 11004.0, 21475.0, 20490.0, 16157.0, 2452.0, 15204.0, 9687.0, 7392.0, 11248.0, 21726.0, 16212.0, 893.0, 21995.0, 3503.0, 23886.0, 21470.0, 15810.0]","[0.5283, 0.5236, 0.5097, 0.503, 0.4969, 0.4946, 0.4911, 0.4893, 0.4864, 0.4848, 0.4845, 0.4844, 0.4813, 0.4802, 0.4775, 0.477, 0.4758, 0.4731, 0.4708, 0.4695]",Represent clients in obtaining bids or awarding construction | Consult with multiple stakeholders to define requirements an | Locate and deliver information or data as requested by custo
PCTY,Paylocity Holding Corp,20,0.3,0.55,0.8,"[20228.0, 20185.0, 984.0, 18866.0, 990.0, 3503.0, 16223.0, 1289.0, 7404.0, 8963.0, 18863.0, 18850.0, 7558.0, 3473.0, 14666.0, 21262.0, 22600.0, 23170.0, 14685.0, 23320.0]","[0.5562, 0.5442, 0.4748, 0.4742, 0.4706, 0.4686, 0.4652, 0.4626, 0.457, 0.4563, 0.4549, 0.4548, 0.4546, 0.4511, 0.4487, 0.4481, 0.4471, 0.447, 0.4463, 0.4425]","Train clients to administer human resources functions, inclu | Recruit and maintain client bases. | Allocate human resources, ensuring appropriate matches betwe"
PD,"PagerDuty, Inc.",20,0.15,0.35,0.55,"[21777.0, 19427.0, 11662.0, 16212.0, 18988.0, 12599.0, 15963.0, 10115.0, 8963.0, 5314.0, 16157.0, 21840.0, 11837.0, 14672.0, 7404.0, 15204.0, 9544.0, 14737.0, 1289.0, 1419.0]","[0.5741, 0.5361, 0.5099, 0.502, 0.4946, 0.4867, 0.4866, 0.4844, 0.4838, 0.4836, 0.4812, 0.481, 0.4779, 0.4778, 0.4774, 0.4751, 0.4708, 0.4701, 0.4697, 0.4691]",Oversee development of plans to safeguard computer files aga | Monitor automated press operation systems and respond to fau | Collaborate with other workers to locate and correct malfunc
PDFS,PDF SOLUTIONS INC,20,0.2,0.475,0.75,"[20616.0, 16178.0, 9690.0, 11261.0, 2325.0, 3972.0, 85.0, 20949.0, 9697.0, 16066.0, 23242.0, 16081.0, 678.0, 22429.0, 1333.0, 20715.0, 4028.0, 1356.0, 955.0, 8758.0]","[0.4925, 0.4736, 0.4731, 0.4599, 0.4507, 0.4403, 0.4401, 0.4397, 0.4395, 0.4354, 0.4342, 0.4323, 0.4308, 0.4303, 0.4298, 0.4245, 0.4177, 0.4172, 0.4166, 0.4156]",Sell service contracts for technical or scientific products. | Assist in the evaluation or negotiation of contracts with ve | Create sales or service contracts for products or services.
PEGA,PEGASYSTEMS INC,20,0.35,0.625,0.9,"[16183.0, 9678.0, 18988.0, 4028.0, 16177.0, 15994.0, 14666.0, 21815.0, 1328.0, 16140.0, 21676.0, 1273.0, 16114.0, 20822.0, 16113.0, 16109.0, 16144.0, 1297.0, 23228.0, 15861.0]","[0.4727, 0.4606, 0.4566, 0.4498, 0.4456, 0.4411, 0.4401, 0.4387, 0.4385, 0.438, 0.4361, 0.4355, 0.4349, 0.4309, 0.4301, 0.4244, 0.4233, 0.4227, 0.4227, 0.4222]","Identify and develop commercial or technical specifications, | Plan and modify product configurations to meet customer need | Communicate with vendors to gather information about product"
PRCH,"Porch Group, Inc.",20,0.35,0.5,0.65,"[10033.0, 11761.0, 21302.0, 720.0, 13802.0, 1958.0, 18091.0, 736.0, 9687.0, 20741.0, 735.0, 3268.0, 9727.0, 8794.0, 14866.0, 2450.0, 21995.0, 23902.0, 2731.0, 19570.0]","[0.4762, 0.4442, 0.4379, 0.4309, 0.4262, 0.4246, 0.4245, 0.4245, 0.4184, 0.4179, 0.4152, 0.415, 0.4141, 0.4122, 0.4117, 0.4113, 0.4105, 0.4102, 0.4087, 0.4077]","Instruct customers in the installation, repair, or maintenan | Install, maintain, or repair security systems, alarm devices | Plan, direct, or coordinate security activities to safeguard"
PRGS,PROGRESS SOFTWARE CORP /MA,20,0.2,0.525,0.85,"[20715.0, 9690.0, 15994.0, 955.0, 13239.0, 21475.0, 22540.0, 8122.0, 18988.0, 1356.0, 1333.0, 23886.0, 21353.0, 23234.0, 18609.0, 21653.0, 9271.0, 16147.0, 8758.0, 8131.0]","[0.5598, 0.5521, 0.5426, 0.5185, 0.5079, 0.499, 0.4896, 0.4826, 0.4823, 0.4806, 0.4757, 0.4674, 0.4671, 0.4665, 0.4651, 0.4642, 0.4631, 0.4606, 0.4576, 0.4571]","Collaborate with vendors to obtain or develop desired produc | Create sales or service contracts for products or services. | Collaborate with product development teams to research, mode"
PSN,PARSONS CORP,20,0.15,0.475,0.8,"[21756.0, 17557.0, 21753.0, 21788.0, 21794.0, 21749.0, 21488.0, 21291.0, 21487.0, 21757.0, 21482.0, 15790.0, 2131.0, 17573.0, 21751.0, 21815.0, 21500.0, 21758.0, 21775.0, 22954.0]","[0.5065, 0.4903, 0.4862, 0.482, 0.4764, 0.4746, 0.4743, 0.472, 0.468, 0.4645, 0.4611, 0.452, 0.4447, 0.4409, 0.4408, 0.4375, 0.4337, 0.4329, 0.4312, 0.4303]","Gather cyber intelligence to identify vulnerabilities. | Develop defense plans or tactics, using intelligence and oth | Discuss security solutions with information technology teams"
PTC,PTC INC.,20,0.1,0.375,0.65,"[9005.0, 5339.0, 4028.0, 20822.0, 15952.0, 4026.0, 11686.0, 7493.0, 16177.0, 9256.0, 15417.0, 9271.0, 9678.0, 15229.0, 2167.0, 1157.0, 18963.0, 3073.0, 1348.0, 18962.0]","[0.4825, 0.4732, 0.4674, 0.4667, 0.4649, 0.4629, 0.4597, 0.458, 0.453, 0.4515, 0.4506, 0.4487, 0.4487, 0.4483, 0.4434, 0.4429, 0.44, 0.4398, 0.4376, 0.4372]","Evaluate technical specifications and economic factors relat | Design electronic components, software, products, or systems | Discuss production requirements with clients."
PUBM,"PubMatic, Inc.",20,0.25,0.575,0.9,"[4593.0, 22670.0, 20324.0, 16175.0, 3242.0, 4579.0, 19500.0, 15703.0, 2446.0, 5111.0, 4585.0, 20329.0, 1774.0, 22606.0, 4586.0, 4590.0, 15715.0, 79.0, 19152.0, 20321.0]","[0.5101, 0.4777, 0.4774, 0.4773, 0.4719, 0.4549, 0.4475, 0.4469, 0.4455, 0.4408, 0.4393, 0.434, 0.4334, 0.4264, 0.4182, 0.4159, 0.415, 0.4139, 0.4092, 0.4073]","Identify new advertising markets, and propose products to se | Write advertising material for use by publication, broadcast | Execute or manage banner, video, or other non-text link ad c"
QLYS,"QUALYS, INC.",20,0.2,0.55,0.9,"[15723.0, 21753.0, 21781.0, 21775.0, 14681.0, 15948.0, 1319.0, 15664.0, 14674.0, 21756.0, 15967.0, 1301.0, 19542.0, 21744.0, 971.0, 4001.0, 21789.0, 15952.0, 966.0, 16143.0]","[0.5065, 0.4708, 0.4432, 0.443, 0.4368, 0.4352, 0.4307, 0.4214, 0.4211, 0.4202, 0.4184, 0.412, 0.4104, 0.4085, 0.4066, 0.405, 0.4021, 0.4017, 0.4003, 0.3985]","Implement security practices to preserve assets, minimize li | Discuss security solutions with information technology teams | Review security assessments for computing environments or ch"
QTWO,"Q2 Holdings, Inc.",20,0.6,0.775,0.95,"[3421.0, 3510.0, 23201.0, 4722.0, 4724.0, 3511.0, 21583.0, 15986.0, 9690.0, 16183.0, 2424.0, 23222.0, 9692.0, 13255.0, 8113.0, 11237.0, 2586.0, 20740.0, 11294.0, 15994.0]","[0.5546, 0.4653, 0.4639, 0.4631, 0.4586, 0.4506, 0.45, 0.4436, 0.4408, 0.437, 0.433, 0.4321, 0.4288, 0.4248, 0.4185, 0.4152, 0.4145, 0.4137, 0.4133, 0.4105]","Market bank products to individuals and firms, promoting ban | Manage credit and help price corporate security offerings. | Determine customers' financial services needs and prepare pr"
RAMP,"LiveRamp Holdings, Inc.",20,0.25,0.525,0.8,"[16.0, 21581.0, 1333.0, 20777.0, 5437.0, 18609.0, 8119.0, 21072.0, 21510.0, 1709.0, 23234.0, 3245.0, 6.0, 4642.0, 1947.0, 1312.0, 16121.0, 13212.0, 1356.0, 16124.0]","[0.3874, 0.3851, 0.3806, 0.3772, 0.3727, 0.3685, 0.3626, 0.3617, 0.3607, 0.3603, 0.3599, 0.3597, 0.3594, 0.3557, 0.3509, 0.3502, 0.3476, 0.3464, 0.3461, 0.345]",Direct foreign sales and service outlets of an organization. | Assess companies as investments for clients by examining com | Coordinate with vendors and with company personnel to facili
RBBN,Ribbon Communications Inc.,20,0.4,0.625,0.85,"[19010.0, 16081.0, 18972.0, 18980.0, 20741.0, 15208.0, 18998.0, 15889.0, 16060.0, 11248.0, 16077.0, 20365.0, 1319.0, 9692.0, 11850.0, 2729.0, 16062.0, 18988.0, 1709.0, 15440.0]","[0.4562, 0.4559, 0.4338, 0.4244, 0.4176, 0.4076, 0.4053, 0.3877, 0.3849, 0.3846, 0.383, 0.3765, 0.3759, 0.3745, 0.3732, 0.3713, 0.3704, 0.3664, 0.364, 0.362]",Provide telephone support related to networking or connectiv | Communicate with telecommunications vendors to obtain pricin | Develop plans or budgets for network equipment replacement.
RDVT,"Red Violet, Inc.",20,0.15,0.55,0.95,"[15967.0, 16140.0, 15950.0, 16144.0, 16136.0, 16139.0, 15966.0, 20281.0, 17555.0, 16146.0, 16142.0, 18133.0, 17556.0, 23320.0, 16109.0, 17552.0, 12952.0, 3523.0, 1315.0, 16149.0]","[0.538, 0.538, 0.5089, 0.4946, 0.4905, 0.4691, 0.4537, 0.4456, 0.4442, 0.4423, 0.4328, 0.4297, 0.4231, 0.4228, 0.4222, 0.4219, 0.4212, 0.4186, 0.411, 0.4108]","Analyze corporate intelligence data to identify trends, patt | Manage timely flow of business intelligence information to u | Identify individual or transaction targets to direct intelli"
RNG,"RingCentral, Inc.",20,0.75,0.8,0.85,"[4631.0, 9427.0, 4597.0, 19010.0, 6986.0, 11384.0, 7013.0, 20366.0, 16081.0, 21822.0, 2790.0, 2379.0, 2618.0, 15208.0, 7936.0, 826.0, 750.0, 21262.0, 18988.0, 21076.0]","[0.4895, 0.4393, 0.4278, 0.4198, 0.4194, 0.414, 0.4136, 0.411, 0.4106, 0.4016, 0.3976, 0.3968, 0.3947, 0.3902, 0.3896, 0.3894, 0.3876, 0.3872, 0.3828, 0.3808]","Answer incoming calls, greeting callers, providing informati | Receive and screen telephone calls and visitors. | Arrange for commercial taping sessions, and accompany client"
RPD,"Rapid7, Inc.",20,0.3,0.6,0.9,"[21753.0, 21772.0, 21291.0, 21788.0, 5313.0, 18971.0, 14674.0, 21296.0, 15723.0, 21757.0, 21781.0, 21756.0, 21302.0, 21780.0, 21283.0, 21764.0, 15802.0, 21290.0, 1319.0, 21773.0]","[0.6193, 0.5488, 0.5387, 0.5373, 0.525, 0.523, 0.523, 0.5163, 0.5152, 0.5128, 0.5126, 0.5101, 0.5047, 0.5046, 0.5022, 0.5017, 0.4979, 0.4958, 0.4952, 0.4911]",Discuss security solutions with information technology teams | Develop or implement software tools to assist in the detecti | Develop budgets for security operations.
S,"SentinelOne, Inc.",20,0.2,0.55,0.9,"[21756.0, 21794.0, 1319.0, 21749.0, 21757.0, 21764.0, 21800.0, 21803.0, 21777.0, 21788.0, 5314.0, 21773.0, 15967.0, 21775.0, 15966.0, 21772.0, 21753.0, 14734.0, 1301.0, 21793.0]","[0.57, 0.5367, 0.4809, 0.4761, 0.476, 0.4754, 0.4637, 0.462, 0.4538, 0.4524, 0.4522, 0.4464, 0.4452, 0.4445, 0.4434, 0.431, 0.4293, 0.4281, 0.4257, 0.4255]","Gather cyber intelligence to identify vulnerabilities. | Maintain cyber defense software or hardware to support respo | Plan, coordinate, and implement network security measures to"
SAIC,Science Applications International Corp,20,0.5,0.725,0.95,"[21726.0, 9687.0, 16176.0, 3743.0, 20741.0, 15208.0, 21499.0, 15877.0, 15948.0, 21262.0, 16139.0, 16238.0, 15961.0, 19542.0, 22111.0, 973.0, 16183.0, 14681.0, 21822.0, 2931.0]","[0.5012, 0.4775, 0.4748, 0.4732, 0.4704, 0.4689, 0.4642, 0.4641, 0.4635, 0.4624, 0.4566, 0.4561, 0.4552, 0.4548, 0.4531, 0.4503, 0.4496, 0.4464, 0.4428, 0.4422]",Provide technical support to users or clients regarding the  | Provide technical and non-technical support and services to  | Identify methods for interfacing Web application technologie
SKIL,Skillsoft Corp.,20,0.25,0.525,0.8,"[22443.0, 354.0, 7391.0, 20102.0, 11574.0, 22450.0, 7565.0, 21265.0, 7404.0, 14755.0, 20089.0, 20098.0, 1290.0, 3473.0, 22442.0, 21050.0, 18145.0, 22452.0, 1013.0, 23822.0]","[0.5608, 0.5318, 0.5089, 0.4896, 0.4894, 0.4881, 0.4873, 0.4847, 0.4819, 0.4811, 0.4743, 0.4623, 0.4614, 0.4558, 0.4551, 0.4516, 0.4498, 0.4489, 0.4484, 0.445]","Design learning products, including Web-based aids or electr | Help clients improve decision making, abstract reasoning, me | Update knowledge and skills to keep up with rapid advancemen"
SLP,"Simulations Plus, Inc.",20,0.25,0.55,0.85,"[16779.0, 16788.0, 2059.0, 17723.0, 1947.0, 16780.0, 12939.0, 16812.0, 16813.0, 12934.0, 16800.0, 20715.0, 7396.0, 16791.0, 181.0, 12463.0, 16783.0, 3503.0, 16793.0, 1820.0]","[0.4423, 0.4073, 0.3896, 0.3889, 0.3778, 0.3722, 0.3681, 0.3669, 0.3639, 0.361, 0.3588, 0.3513, 0.3508, 0.3478, 0.3456, 0.3436, 0.3432, 0.3423, 0.341, 0.339]","Collaborate with software developers in the development and  | Create or modify web-based bioinformatics tools. | Compound, package, and label pharmaceutical products, under "
SMSI,"SMITH MICRO SOFTWARE, INC.",20,0.35,0.55,0.75,"[15952.0, 20366.0, 9692.0, 18091.0, 750.0, 16175.0, 18988.0, 2708.0, 16495.0, 20741.0, 1328.0, 9427.0, 16081.0, 11248.0, 8122.0, 23730.0, 16484.0, 11384.0, 11846.0, 14671.0]","[0.4448, 0.4438, 0.4409, 0.4294, 0.4242, 0.4153, 0.4121, 0.41, 0.3937, 0.39, 0.3886, 0.3859, 0.3827, 0.3818, 0.3808, 0.3781, 0.3778, 0.3767, 0.3762, 0.3747]","Design or implement products and services to mitigate risk o | Instruct in use of voice, video, and data communications sys | Keep informed on industry news and trends, products, service"
SNPS,SYNOPSYS INC,20,0.2,0.425,0.65,"[21489.0, 18962.0, 7393.0, 14683.0, 21779.0, 7407.0, 14672.0, 1322.0, 22005.0, 19011.0, 5339.0, 7392.0, 21985.0, 21491.0, 5351.0, 20497.0, 20499.0, 18984.0, 16508.0, 7404.0]","[0.5678, 0.5535, 0.5468, 0.5131, 0.5116, 0.5107, 0.5065, 0.5005, 0.4994, 0.4982, 0.4959, 0.4882, 0.4875, 0.4851, 0.485, 0.4849, 0.4843, 0.4796, 0.4761, 0.4738]","Engineer, install, maintain, or repair security systems, pro | Design, build, or operate equipment configuration prototypes | Test and verify hardware and support peripherals to ensure t"
SPSC,SPS COMMERCE INC,20,0.35,0.575,0.8,"[658.0, 2424.0, 8758.0, 15861.0, 1333.0, 2806.0, 5063.0, 1035.0, 11384.0, 3156.0, 15706.0, 8794.0, 15681.0, 8119.0, 9690.0, 16185.0, 11248.0, 16709.0, 15901.0, 21075.0]","[0.5761, 0.5671, 0.5612, 0.5488, 0.5407, 0.539, 0.5282, 0.5277, 0.5196, 0.5172, 0.5165, 0.516, 0.5094, 0.5056, 0.5055, 0.5048, 0.5044, 0.4992, 0.4975, 0.4975]",Monitor sales activities to ensure that customers receive sa | Offer customers carry-out service at the completion of trans | Maintain supply inventories and records of client services.
SPT,"Sprout Social, Inc.",20,0.3,0.65,1.0,"[20325.0, 21325.0, 16191.0, 16175.0, 23951.0, 15717.0, 20322.0, 21237.0, 22649.0, 21222.0, 16138.0, 79.0, 20554.0, 826.0, 23099.0, 16179.0, 1769.0, 11245.0, 22660.0, 15977.0]","[0.5396, 0.4774, 0.4747, 0.4651, 0.4651, 0.4617, 0.4424, 0.4354, 0.432, 0.4255, 0.4254, 0.4235, 0.4191, 0.419, 0.4156, 0.4151, 0.4129, 0.4019, 0.4012, 0.4007]","Execute or manage social media campaigns to inform search ma | Network within communities to find and attract new business. | Conduct online marketing initiatives, such as paid ad placem"
SSNC,SS&C Technologies Holdings Inc,20,0.225,0.5625,0.9,"[3510.0, 3511.0, 20187.0, 21581.0, 21583.0, 23214.0, 15678.0, 20188.0, 15986.0, 20184.0, 2494.0, 20186.0, 12875.0, 23200.0, 8847.0, 12905.0, 23215.0, 23202.0, 8840.0, 21591.0]","[0.5121, 0.5027, 0.4806, 0.4512, 0.4502, 0.4479, 0.4441, 0.4423, 0.4362, 0.4322, 0.4189, 0.417, 0.4167, 0.4163, 0.4012, 0.3984, 0.398, 0.3963, 0.3954, 0.3948]",Manage credit and help price corporate security offerings. | Provide expertise to help financial institutions manage risk | Investigate available investment opportunities to determine 
SSTI,"SOUNDTHINKING, INC.",20,0.1,0.375,0.65,"[13103.0, 23047.0, 21794.0, 15352.0, 17562.0, 21490.0, 2141.0, 21289.0, 2131.0, 18711.0, 20123.0, 16041.0, 15792.0, 22942.0, 21800.0, 23059.0, 17566.0, 21757.0, 21790.0, 9910.0]","[0.5264, 0.4924, 0.4909, 0.4807, 0.4786, 0.476, 0.4705, 0.4696, 0.4683, 0.4677, 0.4634, 0.4633, 0.4611, 0.4593, 0.4581, 0.4576, 0.4557, 0.4532, 0.4529, 0.4508]",Alert appropriate personnel to suspects' locations. | Maintain surveillance of establishments to obtain identifyin | Maintain cyber defense software or hardware to support respo
STEM,"STEM, INC.",20,0.1,0.45,0.8,"[15677.0, 18165.0, 3510.0, 15960.0, 20861.0, 15957.0, 7326.0, 7325.0, 15953.0, 15961.0, 19573.0, 17786.0, 15989.0, 21510.0, 23211.0, 20178.0, 3268.0, 21314.0, 20855.0, 10031.0]","[0.4666, 0.4153, 0.3936, 0.3894, 0.3767, 0.3698, 0.3688, 0.3587, 0.3576, 0.3571, 0.3543, 0.3523, 0.3482, 0.3462, 0.3456, 0.3447, 0.3433, 0.3414, 0.3403, 0.3393]",Analyze acquisitions to ensure conformance with strategic go | Review or negotiate energy purchase agreements. | Manage credit and help price corporate security offerings.
TBRG,"TruBridge, Inc.",20,0.15,0.4,0.65,"[16267.0, 9417.0, 17302.0, 7782.0, 19035.0, 18383.0, 22883.0, 1813.0, 20418.0, 7801.0, 17358.0, 5424.0, 5425.0, 18321.0, 20315.0, 18302.0, 1958.0, 1843.0, 55.0, 17213.0]","[0.4622, 0.4461, 0.4345, 0.4218, 0.421, 0.4145, 0.4144, 0.4123, 0.4112, 0.4111, 0.4098, 0.409, 0.4082, 0.408, 0.4079, 0.4044, 0.4018, 0.3975, 0.3975, 0.3952]",Provide support and information to functional areas such as  | Translate medical jargon and abbreviations into their expand | Respond to emergency situations by providing cardiopulmonary
TCX,TUCOWS INC /PA/,20,0.4,0.6,0.8,"[18972.0, 15961.0, 16062.0, 21338.0, 15963.0, 16082.0, 7083.0, 9530.0, 21506.0, 16060.0, 18960.0, 23201.0, 15960.0, 20365.0, 2724.0, 16077.0, 18978.0, 19010.0, 15948.0, 1222.0]","[0.4715, 0.4697, 0.463, 0.4465, 0.4364, 0.4265, 0.4251, 0.4245, 0.4192, 0.4132, 0.4096, 0.4081, 0.4053, 0.4039, 0.3999, 0.3993, 0.398, 0.398, 0.3977, 0.3975]",Develop plans or budgets for network equipment replacement. | Identify opportunities for strategic improvement or mitigati | Supervise maintenance of telecommunications equipment.
TDC,TERADATA CORP /DE/,20,0.3,0.625,0.95,"[21101.0, 16124.0, 16118.0, 16119.0, 23320.0, 16133.0, 1312.0, 16128.0, 12952.0, 3364.0, 16144.0, 15967.0, 21831.0, 15883.0, 21811.0, 16132.0, 16140.0, 16276.0, 16285.0, 16146.0]","[0.5897, 0.5783, 0.5523, 0.5295, 0.5245, 0.5048, 0.4941, 0.491, 0.491, 0.4906, 0.49, 0.4853, 0.4751, 0.475, 0.4739, 0.4674, 0.4661, 0.4656, 0.4623, 0.4622]","Prepare and structure data warehouses for storing data. | Map data between source systems, data warehouses, and data m | Provide or coordinate troubleshooting support for data wareh"
TEAD,Teads Holding Co.,20,0.1,0.4,0.7,"[23215.0, 3510.0, 711.0, 1957.0, 23192.0, 21597.0, 21322.0, 23210.0, 21587.0, 21510.0, 10720.0, 8153.0, 20777.0, 16.0, 1221.0, 22531.0, 8840.0, 21520.0, 20740.0, 23196.0]","[0.4345, 0.4318, 0.3824, 0.3798, 0.379, 0.3768, 0.371, 0.3687, 0.3421, 0.3334, 0.3277, 0.3192, 0.3188, 0.3128, 0.3109, 0.3098, 0.3083, 0.308, 0.3072, 0.3059]","Supply the latest price quotes on any security, as well as i | Manage credit and help price corporate security offerings. | Inventory stock and requisition new stock."
TENB,"Tenable Holdings, Inc.",20,0.2,0.525,0.85,"[21753.0, 21794.0, 15952.0, 21744.0, 21757.0, 15723.0, 21756.0, 21764.0, 1319.0, 21788.0, 21781.0, 21775.0, 21803.0, 15802.0, 21772.0, 21482.0, 15967.0, 21749.0, 971.0, 15948.0]","[0.5472, 0.5444, 0.5239, 0.5214, 0.5194, 0.5181, 0.5105, 0.5038, 0.5017, 0.4992, 0.4922, 0.4918, 0.4838, 0.4779, 0.4707, 0.4678, 0.4668, 0.4664, 0.4656, 0.4643]",Discuss security solutions with information technology teams | Maintain cyber defense software or hardware to support respo | Design or implement products and services to mitigate risk o
TLS,TELOS CORP,20,0.3,0.525,0.75,"[3510.0, 23215.0, 21322.0, 15664.0, 23192.0, 21495.0, 8153.0, 21597.0, 23210.0, 21764.0, 8840.0, 21302.0, 18922.0, 21818.0, 21587.0, 711.0, 21290.0, 21601.0, 16531.0, 10720.0]","[0.5282, 0.4677, 0.4336, 0.4129, 0.3888, 0.3872, 0.3841, 0.383, 0.3829, 0.3773, 0.3728, 0.3725, 0.3671, 0.3648, 0.3583, 0.356, 0.3522, 0.3506, 0.3418, 0.3418]","Manage credit and help price corporate security offerings. | Supply the latest price quotes on any security, as well as i | Communicate with stockholders or other investors to provide "
TRAK,"ReposiTrak, Inc.",20,0.1,0.275,0.45,"[23897.0, 3289.0, 1007.0, 1333.0, 23886.0, 23.0, 3245.0, 836.0, 8758.0, 15789.0, 17608.0, 2199.0, 9968.0, 2290.0, 690.0, 9690.0, 22419.0, 4742.0, 8583.0, 1030.0]","[0.4547, 0.4419, 0.4402, 0.4389, 0.4305, 0.43, 0.4228, 0.4221, 0.4199, 0.4197, 0.4192, 0.4191, 0.4175, 0.4165, 0.4162, 0.4112, 0.407, 0.4064, 0.4057, 0.4037]","Requisition merchandise from supplier, based on available sp | Contract with vendors to provide employee services, such as  | Contract with vendors to provide employee services, such as "
TTD,"Trade Desk, Inc.",20,0.45,0.725,1.0,"[4593.0, 9690.0, 1774.0, 16175.0, 4586.0, 16183.0, 11384.0, 7493.0, 4585.0, 4579.0, 9271.0, 23234.0, 3228.0, 23228.0, 961.0, 3242.0, 2450.0, 2586.0, 4592.0, 22670.0]","[0.5411, 0.5356, 0.5253, 0.5167, 0.5117, 0.5114, 0.5096, 0.5084, 0.507, 0.4985, 0.4885, 0.4866, 0.4837, 0.4815, 0.4764, 0.4715, 0.4715, 0.4711, 0.4701, 0.4693]","Identify new advertising markets, and propose products to se | Create sales or service contracts for products or services. | Purchase advertising space or time as required to promote cl"
TWLO,TWILIO INC,20,0.35,0.575,0.8,"[826.0, 18988.0, 20366.0, 11248.0, 21239.0, 16175.0, 750.0, 723.0, 18091.0, 9678.0, 835.0, 4631.0, 16081.0, 9692.0, 16138.0, 16060.0, 16396.0, 1709.0, 18957.0, 15819.0]","[0.428, 0.4124, 0.4103, 0.4079, 0.4043, 0.4014, 0.4013, 0.4013, 0.3963, 0.3958, 0.395, 0.3939, 0.3886, 0.3864, 0.3842, 0.3813, 0.3812, 0.3804, 0.3797, 0.3786]","Communicate with customers, employees, and other individuals | Communicate with vendors to gather information about product | Instruct in use of voice, video, and data communications sys"
TYL,TYLER TECHNOLOGIES INC,20,0.3,0.6,0.9,"[16238.0, 9202.0, 9690.0, 4728.0, 2603.0, 20900.0, 9687.0, 18993.0, 2608.0, 18484.0, 2731.0, 2057.0, 16176.0, 2931.0, 21726.0, 832.0, 21266.0, 4642.0, 16233.0, 9194.0]","[0.541, 0.5388, 0.5191, 0.5029, 0.5028, 0.5023, 0.4981, 0.4981, 0.4969, 0.4935, 0.4921, 0.4899, 0.4852, 0.4848, 0.4845, 0.4821, 0.4819, 0.4808, 0.4785, 0.4782]","Implement electronic document processing, retrieval, and dis | Prepare and maintain records and case files, including docum | Create sales or service contracts for products or services."
UPLD,"Upland Software, Inc.",20,0.15,0.5,0.85,"[15677.0, 23211.0, 3510.0, 2774.0, 22531.0, 9671.0, 23330.0, 1655.0, 8116.0, 4613.0, 4600.0, 8794.0, 21601.0, 21520.0, 4607.0, 17660.0, 21581.0, 21534.0, 21238.0, 21402.0]","[0.4045, 0.3658, 0.3624, 0.3596, 0.3543, 0.352, 0.3461, 0.3415, 0.3401, 0.3366, 0.3327, 0.3308, 0.3268, 0.3267, 0.3232, 0.3218, 0.3207, 0.3194, 0.3189, 0.3179]",Analyze acquisitions to ensure conformance with strategic go | Evaluate costs and revenue of agreements to determine contin | Manage credit and help price corporate security offerings.
VEEV,VEEVA SYSTEMS INC,20,0.4,0.625,0.85,"[3743.0, 16251.0, 16797.0, 7491.0, 16786.0, 16267.0, 16258.0, 16779.0, 20214.0, 1390.0, 8975.0, 21262.0, 55.0, 20616.0, 21843.0, 21841.0, 18088.0, 2167.0, 15952.0, 16800.0]","[0.4671, 0.4476, 0.4322, 0.4313, 0.4212, 0.421, 0.4173, 0.4154, 0.4128, 0.41, 0.4041, 0.403, 0.4019, 0.4017, 0.4017, 0.3982, 0.3981, 0.3923, 0.3836, 0.3832]","Provide technical support and services for scientists and en | Plan or direct research studies related to life sciences. | Participate in all levels of bioproduct development, includi"
VERI,"Veritone, Inc.",20,0.15,0.575,1.0,"[16144.0, 16149.0, 15967.0, 15950.0, 16140.0, 16139.0, 17713.0, 174.0, 23320.0, 16136.0, 21756.0, 17555.0, 20281.0, 16146.0, 16789.0, 17552.0, 21802.0, 16108.0, 17544.0, 8954.0]","[0.523, 0.4803, 0.4571, 0.4512, 0.45, 0.4376, 0.4315, 0.4272, 0.4186, 0.415, 0.4136, 0.4117, 0.4111, 0.4069, 0.4068, 0.4061, 0.3956, 0.394, 0.3939, 0.393]","Create business intelligence tools or systems, including des | Synthesize current business intelligence or trend data to su | Analyze corporate intelligence data to identify trends, patt"
VRME,"VerifyMe, Inc.",20,0.0,0.15,0.3,"[15413.0, 19431.0, 14586.0, 12694.0, 21053.0, 19647.0, 17698.0, 23253.0, 10839.0, 1535.0, 20157.0, 12390.0, 13261.0, 10756.0, 19465.0, 15666.0, 10498.0, 39.0, 14857.0, 12894.0]","[0.5189, 0.5087, 0.4936, 0.4798, 0.4599, 0.4548, 0.4504, 0.4501, 0.4493, 0.4489, 0.4442, 0.4422, 0.4419, 0.4413, 0.4391, 0.4391, 0.4364, 0.4363, 0.4362, 0.4345]","Verify that raw materials, purchased parts or components, in | Verify that paper and ink meet the specifications for a give | Identify and mark materials, products, and samples, followin"
VRNS,VARONIS SYSTEMS INC,20,0.4,0.475,0.55,"[11627.0, 11248.0, 13783.0, 8758.0, 717.0, 3156.0, 692.0, 21453.0, 10723.0, 2284.0, 10033.0, 3064.0, 23222.0, 15811.0, 11237.0, 3007.0, 23330.0, 4575.0, 2927.0, 712.0]","[0.4813, 0.4786, 0.4738, 0.4725, 0.4702, 0.4666, 0.4549, 0.4523, 0.4509, 0.4506, 0.4472, 0.4469, 0.445, 0.4428, 0.4391, 0.4374, 0.4351, 0.435, 0.4341, 0.4339]","Advise customers concerning equipment operation, maintenance | Provide customers with ongoing technical support. | Show customers how to maintain equipment."
VRSK,"Verisk Analytics, Inc.",20,0.15,0.575,1.0,"[15986.0, 18841.0, 11261.0, 21519.0, 23201.0, 1145.0, 21623.0, 21506.0, 20188.0, 21323.0, 756.0, 1252.0, 23234.0, 3511.0, 19996.0, 15995.0, 20187.0, 21593.0, 16136.0, 12904.0]","[0.5845, 0.5571, 0.52, 0.5193, 0.5166, 0.5124, 0.5101, 0.5082, 0.5057, 0.5048, 0.5008, 0.4992, 0.497, 0.4939, 0.4882, 0.4871, 0.4863, 0.4808, 0.4797, 0.4793]","Research new financial products or analytics to determine th | Review financial statements, sales or activity reports, or o | Compute customer's installation or production costs and esti"
VRSN,VERISIGN INC/CA,20,0.3,0.525,0.75,"[14705.0, 11357.0, 20741.0, 11324.0, 13244.0, 15724.0, 20740.0, 16.0, 1035.0, 21072.0, 4613.0, 5437.0, 4622.0, 17660.0, 15716.0, 8758.0, 20288.0, 8147.0, 15888.0, 16183.0]","[0.4282, 0.3673, 0.3615, 0.3612, 0.3592, 0.3576, 0.3574, 0.3536, 0.3516, 0.3465, 0.343, 0.3381, 0.3371, 0.3359, 0.3356, 0.3324, 0.3307, 0.3281, 0.3228, 0.3198]","Renew domain name registrations. | Register, certify, and insure parcels and letters. | Provide technical customer service."
WDAY,"Workday, Inc.",20,0.15,0.525,0.9,"[15961.0, 15963.0, 9690.0, 3510.0, 9698.0, 16109.0, 15723.0, 16174.0, 15861.0, 11850.0, 3470.0, 9678.0, 15948.0, 12952.0, 8932.0, 7571.0, 15953.0, 11241.0, 9271.0, 16139.0]","[0.4775, 0.4682, 0.4566, 0.4501, 0.4467, 0.4437, 0.443, 0.4413, 0.4361, 0.4336, 0.4329, 0.4266, 0.4254, 0.4231, 0.4231, 0.4216, 0.4212, 0.4211, 0.421, 0.4206]",Identify opportunities for strategic improvement or mitigati | Create scenarios to reestablish operations from various type | Create sales or service contracts for products or services.
WK,WORKIVA INC,20,0.5,0.75,1.0,"[21093.0, 21323.0, 23214.0, 5236.0, 21441.0, 16143.0, 21088.0, 16150.0, 16134.0, 21306.0, 9698.0, 18970.0, 16244.0, 3510.0, 16219.0, 15661.0, 15653.0, 9478.0, 17955.0, 21320.0]","[0.5769, 0.5467, 0.5454, 0.5152, 0.5147, 0.5133, 0.5056, 0.501, 0.5001, 0.4967, 0.4953, 0.4884, 0.4834, 0.4816, 0.4811, 0.4767, 0.4754, 0.475, 0.4747, 0.4746]","Oversee internal reporting systems, such as corporate compli | Evaluate financial reporting systems, accounting or collecti | Prepare financial reports to monitor client or corporate fin"
YEXT,"Yext, Inc.",20,0.55,0.775,1.0,"[752.0, 9692.0, 15719.0, 13243.0, 21076.0, 8113.0, 15713.0, 11237.0, 8119.0, 20325.0, 4620.0, 21325.0, 23230.0, 16192.0, 9688.0, 13201.0, 23222.0, 20319.0, 11239.0, 5437.0]","[0.4344, 0.4273, 0.4175, 0.3996, 0.3921, 0.3896, 0.3883, 0.3852, 0.3838, 0.381, 0.3769, 0.3752, 0.3685, 0.368, 0.3672, 0.3667, 0.366, 0.3655, 0.3644, 0.363]","Analyze data to determine answers to questions from customer | Keep informed on industry news and trends, products, service | Measure and analyze Web site usage data to maximize search e"
ZIP,"ZIPRECRUITER, INC.",20,0.25,0.4,0.55,"[7558.0, 17611.0, 18865.0, 10880.0, 15589.0, 9711.0, 13154.0, 18858.0, 12975.0, 20185.0, 2690.0, 665.0, 983.0, 7192.0, 16165.0, 18859.0, 21313.0, 15713.0, 20790.0, 2701.0]","[0.5176, 0.5074, 0.4946, 0.485, 0.4834, 0.4831, 0.4735, 0.4669, 0.464, 0.4561, 0.4419, 0.4417, 0.4415, 0.438, 0.4377, 0.4342, 0.4318, 0.4294, 0.4226, 0.4219]","Hire and train recruiters and data collectors. | Recruit, interview, or hire employees. | Perform searches for qualified job candidates, using sources"
ZM,"Zoom Communications, Inc.",20,0.1,0.225,0.35,"[22644.0, 3991.0, 22632.0, 20366.0, 3998.0, 3894.0, 313.0, 1215.0, 18664.0, 20889.0, 22641.0, 9271.0, 5114.0, 3931.0, 3981.0, 4032.0, 3527.0, 9427.0, 15729.0, 22432.0]","[0.4533, 0.4515, 0.4366, 0.429, 0.4179, 0.4159, 0.4018, 0.4006, 0.3985, 0.3963, 0.3774, 0.3743, 0.3738, 0.371, 0.3673, 0.3664, 0.3649, 0.3596, 0.3593, 0.3591]","Photograph or videotape news events. | Obtain, set up, and load videotapes for scheduled production | Present news stories, and introduce in-depth videotaped segm"
ZS,"Zscaler, Inc.",20,0.25,0.6,0.95,"[15723.0, 21753.0, 14674.0, 5321.0, 1319.0, 14748.0, 21773.0, 14735.0, 21780.0, 21290.0, 21683.0, 21775.0, 16180.0, 15948.0, 3523.0, 15664.0, 21771.0, 22899.0, 16109.0, 15802.0]","[0.5024, 0.4602, 0.4595, 0.4498, 0.445, 0.4399, 0.4383, 0.4322, 0.4302, 0.4256, 0.4175, 0.4031, 0.4019, 0.4006, 0.3963, 0.3955, 0.3937, 0.392, 0.3896, 0.3889]","Implement security practices to preserve assets, minimize li | Discuss security solutions with information technology teams | Provide customers or installation teams guidelines for imple"
